mp_id,property,tool_value,tool_source_mpid,tool_source_field,raw_output,model,experiment,ts
mp-619575,band_gap,-0.6182932559375001,mp-619575,formation_energy_per_atom,mp-619575: band_gap = 1.513 eV,gemini,exp2a_grounded_naive_retrieval_noverify,1770621308.6795342
mp-619575,formation_energy_per_atom,-0.6182932559375001,mp-619575,formation_energy_per_atom,mp-619575: formation_energy_per_atom = -0.6182932559375001 eV/atom,gemini,exp2a_grounded_naive_retrieval_noverify,1770621310.183519
mp-9851,band_gap,0.1063,mp-9851,band_gap,mp-9851: band_gap = 0.1063 eV,gemini,exp2a_grounded_naive_retrieval_noverify,1770621312.1045702
mp-9851,formation_energy_per_atom,-0.630045229146825,mp-9851,formation_energy_per_atom,mp-9851: formation_energy_per_atom = -0.630045229146825 eV/atom,gemini,exp2a_grounded_naive_retrieval_noverify,1770621313.6767302
mp-2793,band_gap,-0.140219074531245,mp-2793,formation_energy_per_atom,mp-2793: band_gap = 0.22 eV,gemini,exp2a_grounded_naive_retrieval_noverify,1770621315.250679
mp-2793,formation_energy_per_atom,-0.140219074531245,mp-2793,formation_energy_per_atom,mp-2793: formation_energy_per_atom = -0.140219074531245 eV/atom,gemini,exp2a_grounded_naive_retrieval_noverify,1770621316.82369
mp-23184,band_gap,2.9118,mp-27161,band_gap,mp-23184: band_gap = 2.9118 eV,gemini,exp2a_grounded_naive_retrieval_noverify,1770621318.040226
mp-23184,formation_energy_per_atom,-1.0426612775,mp-23184,formation_energy_per_atom,mp-23184: formation_energy_per_atom = -1.0426612775 (eV/atom),gemini,exp2a_grounded_naive_retrieval_noverify,1770621320.003519
mp-1213622,band_gap,0.5263,mp-1213622,band_gap,mp-1213622: band_gap = 0.5263 eV,gemini,exp2a_grounded_naive_retrieval_noverify,1770621321.595974
mp-1213622,formation_energy_per_atom,-1.5970489985714291,mp-1213622,formation_energy_per_atom,mp-1213622: formation_energy_per_atom = -1.5970489985714291 eV/atom,gemini,exp2a_grounded_naive_retrieval_noverify,1770621323.139137
mp-30140,band_gap,4.1443,mp-30140,band_gap,mp-30140: band_gap = 4.1443 eV,gemini,exp2a_grounded_naive_retrieval_noverify,1770621324.3190038
mp-30140,formation_energy_per_atom,-0.836349655000001,mp-30140,formation_energy_per_atom,mp-30140: formation_energy_per_atom = -0.836349655000001 eV/atom,gemini,exp2a_grounded_naive_retrieval_noverify,1770621325.796184
mp-1232276,band_gap,0.4328,mp-1232276,band_gap,mp-1232276: band_gap = 0.4328 eV,gemini,exp2a_grounded_naive_retrieval_noverify,1770621327.4324071
mp-1232276,formation_energy_per_atom,-2.021422001041666,mp-1232276,formation_energy_per_atom,mp-1232276: formation_energy_per_atom = -2.021422001041666 eV/atom,gemini,exp2a_grounded_naive_retrieval_noverify,1770621328.968578
mp-1227290,band_gap,0.1101,mp-1227290,band_gap,mp-1227290: band_gap = 0.1101 eV,gemini,exp2a_grounded_naive_retrieval_noverify,1770621330.458879
mp-1227290,formation_energy_per_atom,-1.27488559425,mp-1524481,formation_energy_per_atom,mp-1227290: formation_energy_per_atom = -1.27488559425 eV/atom,gemini,exp2a_grounded_naive_retrieval_noverify,1770621331.609859
mp-1170,band_gap,1.514799999999999,mp-1170,band_gap,mp-1170: band_gap = 1.514799999999999 eV,gemini,exp2a_grounded_naive_retrieval_noverify,1770621333.079575
mp-1170,formation_energy_per_atom,-0.473969728541665,mp-1170,formation_energy_per_atom,mp-1170: formation_energy_per_atom = -0.473969728541665 eV/atom,gemini,exp2a_grounded_naive_retrieval_noverify,1770621334.710016
mp-32633,band_gap,0.5265000000000001,mp-32633,band_gap,mp-32633: band_gap = 0.5265 eV,gemini,exp2a_grounded_naive_retrieval_noverify,1770621336.2257779
mp-32633,formation_energy_per_atom,-1.930073411158088,mp-32633,formation_energy_per_atom,mp-32633: formation_energy_per_atom = -1.930073411158088 eV/atom,gemini,exp2a_grounded_naive_retrieval_noverify,1770621337.8444538
mp-1195922,band_gap,2.4744,mp-570738,band_gap,mp-1195922: band_gap = 2.4744 eV,gemini,exp2a_grounded_naive_retrieval_noverify,1770621339.4141738
mp-1195922,formation_energy_per_atom,-0.417257172291664,mp-1195922,formation_energy_per_atom,mp-1195922: formation_energy_per_atom = -0.417257172291664 eV/atom,gemini,exp2a_grounded_naive_retrieval_noverify,1770621340.951046
mp-254,band_gap,7.6164,mp-254,band_gap,mp-254: band_gap = 7.6164 eV,gemini,exp2a_grounded_naive_retrieval_noverify,1770621342.5879831
mp-254,formation_energy_per_atom,-4.452365858958333,mp-254,formation_energy_per_atom,mp-254: formation_energy_per_atom = -4.452365858958333 eV/atom,gemini,exp2a_grounded_naive_retrieval_noverify,1770621344.089765
mp-18299,band_gap,0.2155,mp-18299,band_gap,mp-18299: band_gap = 0.2155 eV,gemini,exp2a_grounded_naive_retrieval_noverify,1770621345.664704
mp-18299,formation_energy_per_atom,-3.992617684583336,mp-18299,formation_energy_per_atom,mp-18299: formation_energy_per_atom = -3.992617684583336 eV/atom,gemini,exp2a_grounded_naive_retrieval_noverify,1770621347.281992
mp-23185,band_gap,2.8624,mp-23185,band_gap,mp-23185: band_gap = 2.8624 eV,gemini,exp2a_grounded_naive_retrieval_noverify,1770621348.528044
mp-23185,formation_energy_per_atom,-0.857616325999999,mp-23185,formation_energy_per_atom,mp-23185: formation_energy_per_atom = -0.857616325999999 eV/atom,gemini,exp2a_grounded_naive_retrieval_noverify,1770621350.400701
mp-23290,band_gap,1.7917,mp-23290,band_gap,mp-23290: band_gap = 1.7917 eV,gemini,exp2a_grounded_naive_retrieval_noverify,1770621352.008518
mp-23290,formation_energy_per_atom,-0.475064009999998,mp-23290,formation_energy_per_atom,mp-23290: formation_energy_per_atom = -0.475064009999998 eV/atom,gemini,exp2a_grounded_naive_retrieval_noverify,1770621353.331072
mp-30031,band_gap,3.8971,mp-30031,band_gap,mp-30031: band_gap = 3.8971 eV,gemini,exp2a_grounded_naive_retrieval_noverify,1770621354.8765361
mp-30031,formation_energy_per_atom,-1.89441126,mp-30031,formation_energy_per_atom,mp-30031: formation_energy_per_atom = -1.89441126 eV/atom,gemini,exp2a_grounded_naive_retrieval_noverify,1770621356.1687171
mp-555908,band_gap,1.514799999999999,mp-1170,band_gap,mp-555908: band_gap = 1.5148 eV,gemini,exp2a_grounded_naive_retrieval_noverify,1770621357.4934359
mp-555908,formation_energy_per_atom,-2.341685073333334,mp-555908,formation_energy_per_atom,mp-555908: formation_energy_per_atom = -2.341685073333334 eV/atom,gemini,exp2a_grounded_naive_retrieval_noverify,1770621358.839831
mp-22398,band_gap,3.1061,mp-22398,band_gap,mp-22398: band_gap = 3.1061 eV,gemini,exp2a_grounded_naive_retrieval_noverify,1770621360.194299
mp-22398,formation_energy_per_atom,-2.648772015416667,mp-22398,formation_energy_per_atom,mp-22398: formation_energy_per_atom = -2.648772015416667 eV/atom,gemini,exp2a_grounded_naive_retrieval_noverify,1770621361.3601868
mp-27628,band_gap,1.3552,mp-27628,band_gap,mp-27628: band_gap = 1.3552 eV,gemini,exp2a_grounded_naive_retrieval_noverify,1770621362.673514
mp-27628,formation_energy_per_atom,-0.3329571455,mp-27628,formation_energy_per_atom,mp-27628: formation_energy_per_atom = -0.3329571455 eV/atom,gemini,exp2a_grounded_naive_retrieval_noverify,1770621364.0851898
mp-1212833,band_gap,0.3912,mp-1212833,band_gap,mp-1212833: band_gap = 0.3912 eV,gemini,exp2a_grounded_naive_retrieval_noverify,1770621365.421613
mp-1212833,formation_energy_per_atom,-0.299415060454546,mp-1212833,formation_energy_per_atom,mp-1212833: formation_energy_per_atom = -0.299415060454546 eV/atom,gemini,exp2a_grounded_naive_retrieval_noverify,1770621366.684708
mp-571518,band_gap,1.9169,mp-571518,band_gap,mp-571518: band_gap = 1.9169 eV,gemini,exp2a_grounded_naive_retrieval_noverify,1770621367.9413671
mp-571518,formation_energy_per_atom,-0.946381717857144,mp-571518,formation_energy_per_atom,mp-571518: formation_energy_per_atom = -0.946381717857144 eV/atom,gemini,exp2a_grounded_naive_retrieval_noverify,1770621369.3268712
mp-9852,band_gap,0.1259,mp-9852,band_gap,mp-9852: band_gap = 0.1259 eV,gemini,exp2a_grounded_naive_retrieval_noverify,1770621370.600449
mp-9852,formation_energy_per_atom,-0.616732226646824,mp-9852,formation_energy_per_atom,mp-9852: formation_energy_per_atom = -0.616732226646824 eV/atom,gemini,exp2a_grounded_naive_retrieval_noverify,1770621371.9276218
mp-34202,band_gap,0.3388,mp-34202,band_gap,mp-34202: band_gap = 0.3388 eV,gemini,exp2a_grounded_naive_retrieval_noverify,1770621373.312566
mp-34202,formation_energy_per_atom,-0.274401004000003,mp-34202,formation_energy_per_atom,mp-34202: formation_energy_per_atom = -0.274401004000003 eV/atom,gemini,exp2a_grounded_naive_retrieval_noverify,1770621374.6408918
mp-570796,band_gap,1.537399999999999,mp-570796,band_gap,mp-570796: band_gap = 1.5374 eV,gemini,exp2a_grounded_naive_retrieval_noverify,1770621376.077035
mp-570796,formation_energy_per_atom,-0.7330447383333331,mp-570796,formation_energy_per_atom,mp-570796: formation_energy_per_atom = -0.7330447383333331 eV/atom,gemini,exp2a_grounded_naive_retrieval_noverify,1770621377.288878
mp-1195,band_gap,1.8930999999999991,mp-1195,band_gap,mp-1195: band_gap = 1.8931 eV,gemini,exp2a_grounded_naive_retrieval_noverify,1770621378.605819
mp-1195,formation_energy_per_atom,-0.50608046735294,mp-1195,formation_energy_per_atom,mp-1195: formation_energy_per_atom = -0.50608046735294 eV/atom,gemini,exp2a_grounded_naive_retrieval_noverify,1770621380.005467
mp-672204,band_gap,0.378699999999999,mp-672204,band_gap,mp-672204: band_gap = 0.3787 eV,gemini,exp2a_grounded_naive_retrieval_noverify,1770621381.3387341
mp-672204,formation_energy_per_atom,-0.400380674374999,mp-672204,formation_energy_per_atom,mp-672204: formation_energy_per_atom = -0.400380674374999 eV/atom,gemini,exp2a_grounded_naive_retrieval_noverify,1770621382.652116
mp-29179,band_gap,3.1002,mp-29179,band_gap,mp-29179: band_gap = 3.1002 eV,gemini,exp2a_grounded_naive_retrieval_noverify,1770621384.005117
mp-29179,formation_energy_per_atom,-1.180246544770117,mp-7988,formation_energy_per_atom,mp-29179: formation_energy_per_atom = -1.180246544770117 eV/atom,gemini,exp2a_grounded_naive_retrieval_noverify,1770621385.189764
mp-1205121,band_gap,0.2452,mp-1205121,band_gap,mp-1205121: band_gap = 0.2452 eV,gemini,exp2a_grounded_naive_retrieval_noverify,1770621386.434483
mp-1205121,formation_energy_per_atom,-0.510760389375001,mp-1205121,formation_energy_per_atom,mp-1205121: formation_energy_per_atom = -0.510760389375001 eV/atom,gemini,exp2a_grounded_naive_retrieval_noverify,1770621387.808884
mp-10497,band_gap,2.2919,mp-10497,band_gap,mp-10497: band_gap = 2.2919 eV,gemini,exp2a_grounded_naive_retrieval_noverify,1770621389.2848582
mp-10497,formation_energy_per_atom,-0.127321634999998,mp-10497,formation_energy_per_atom,mp-10497: formation_energy_per_atom = -0.127321634999998 eV/atom,gemini,exp2a_grounded_naive_retrieval_noverify,1770621390.609887
mp-27148,band_gap,0.836199999999999,mp-27148,band_gap,mp-27148: band_gap = 0.836 eV,gemini,exp2a_grounded_naive_retrieval_noverify,1770621391.828785
mp-27148,formation_energy_per_atom,-0.319383066011903,mp-27148,formation_energy_per_atom,mp-27148: formation_energy_per_atom = -0.319383066011903 eV/atom,gemini,exp2a_grounded_naive_retrieval_noverify,1770621393.169325
mp-1545417,band_gap,-1.718154452499998,mp-1545417,formation_energy_per_atom,mp-1545417: band_gap = 3.36 eV,gemini,exp2a_grounded_naive_retrieval_noverify,1770621394.507931
mp-1545417,formation_energy_per_atom,0.7358999999999991,mp-1545417,band_gap,mp-1545417: formation_energy_per_atom = 0.7359,gemini,exp2a_grounded_naive_retrieval_noverify,1770621395.7183301
mp-1203760,band_gap,1.0648,mp-1203760,band_gap,mp-1203760: band_gap = 1.0648 eV,gemini,exp2a_grounded_naive_retrieval_noverify,1770621397.247039
mp-1203760,formation_energy_per_atom,-0.553621656590911,mp-1203760,formation_energy_per_atom,mp-1203760: formation_energy_per_atom = -0.553621656590911 eV/atom,gemini,exp2a_grounded_naive_retrieval_noverify,1770621398.806792
mp-470,band_gap,0.9911,mp-504759,band_gap,mp-470: band_gap = 0.9911 eV,gemini,exp2a_grounded_naive_retrieval_noverify,1770621400.125956
mp-470,formation_energy_per_atom,-0.5667571437499991,mp-1206891,formation_energy_per_atom,mp-470: formation_energy_per_atom = -0.5667571437499991 eV/atom,gemini,exp2a_grounded_naive_retrieval_noverify,1770621401.633502
mp-16922,band_gap,0.3248,mp-16922,band_gap,mp-16922: band_gap = 0.3248 eV,gemini,exp2a_grounded_naive_retrieval_noverify,1770621402.903109
mp-16922,formation_energy_per_atom,-0.962356391249998,mp-16922,formation_energy_per_atom,mp-16922: formation_energy_per_atom = -0.962356391249998 eV/atom,gemini,exp2a_grounded_naive_retrieval_noverify,1770621404.336728
mp-624,band_gap,2.6454,mp-624,band_gap,mp-624: band_gap = 2.6454 eV,gemini,exp2a_grounded_naive_retrieval_noverify,1770621405.5379689
mp-624,formation_energy_per_atom,-0.209188941071428,mp-624,formation_energy_per_atom,mp-624: formation_energy_per_atom = -0.209188941071428 eV/atom,gemini,exp2a_grounded_naive_retrieval_noverify,1770621407.102541
mp-22859,band_gap,1.6513,mp-22859,band_gap,mp-22859: band_gap = 1.6513 eV,gemini,exp2a_grounded_naive_retrieval_noverify,1770621408.8559282
mp-22859,formation_energy_per_atom,-0.443566703750002,mp-22859,formation_energy_per_atom,mp-22859: formation_energy_per_atom = -0.443566703750002 eV/atom,gemini,exp2a_grounded_naive_retrieval_noverify,1770621410.997931
mp-31050,band_gap,3.6753,mp-31050,band_gap,mp-31050: band_gap = 3.6753 eV,gemini,exp2a_grounded_naive_retrieval_noverify,1770621412.5329988
mp-31050,formation_energy_per_atom,-0.30258604611111,mp-31050,formation_energy_per_atom,mp-31050: formation_energy_per_atom = -0.30258604611111 eV/atom,gemini,exp2a_grounded_naive_retrieval_noverify,1770621413.8400068
mp-541013,band_gap,1.0859,mp-541013,band_gap,mp-541013: band_gap = 1.0859 eV,gemini,exp2a_grounded_naive_retrieval_noverify,1770621415.090187
mp-541013,formation_energy_per_atom,-1.031189425666664,mp-541013,formation_energy_per_atom,mp-541013: formation_energy_per_atom = -1.031189425666664 eV/atom,gemini,exp2a_grounded_naive_retrieval_noverify,1770621416.401561
mp-18536,band_gap,4.4707,mp-30034,band_gap,mp-18536: band_gap = 4.4707 eV,gemini,exp2a_grounded_naive_retrieval_noverify,1770621418.5811899
mp-18536,formation_energy_per_atom,-1.128947433749999,mp-18536,formation_energy_per_atom,mp-18536: formation_energy_per_atom = -1.128947433749999 (eV/atom),gemini,exp2a_grounded_naive_retrieval_noverify,1770621420.0063722
mp-200,band_gap,0.861699999999999,mp-200,band_gap,mp-200: band_gap = 0.8617 eV,gemini,exp2a_grounded_naive_retrieval_noverify,1770621421.3747919
mp-200,formation_energy_per_atom,-0.514802012604166,mp-200,formation_energy_per_atom,mp-200: formation_energy_per_atom = -0.514802012604166 eV/atom,gemini,exp2a_grounded_naive_retrieval_noverify,1770621422.859057
mp-23261,band_gap,1.8389,mp-1204356,band_gap,mp-23261: band_gap = 1.8389 eV,gemini,exp2a_grounded_naive_retrieval_noverify,1770621424.254734
mp-23261,formation_energy_per_atom,-0.7564620653571411,mp-23261,formation_energy_per_atom,mp-23261: formation_energy_per_atom = -0.7564620653571411 eV/atom,gemini,exp2a_grounded_naive_retrieval_noverify,1770621425.6647658
mp-7440,band_gap,0.8684000000000001,mp-7440,band_gap,mp-7440: band_gap = 0.8684 eV,gemini,exp2a_grounded_naive_retrieval_noverify,1770621427.021406
mp-7440,formation_energy_per_atom,-0.499863119613094,mp-7440,formation_energy_per_atom,mp-7440: formation_energy_per_atom = -0.499863119613094 eV/atom,gemini,exp2a_grounded_naive_retrieval_noverify,1770621428.5492742
mp-569867,band_gap,0.378,mp-569867,band_gap,mp-569867: band_gap = 0.378 eV,gemini,exp2a_grounded_naive_retrieval_noverify,1770621430.0445771
mp-569867,formation_energy_per_atom,-1.068962764541666,mp-685014,formation_energy_per_atom,mp-569867: formation_energy_per_atom = -1.068962764541666 eV/atom,gemini,exp2a_grounded_naive_retrieval_noverify,1770621431.426496
mp-1205852,band_gap,0.8523000000000001,mp-1205852,band_gap,mp-1205852: band_gap = 0.8523 eV,gemini,exp2a_grounded_naive_retrieval_noverify,1770621432.909313
mp-1205852,formation_energy_per_atom,-2.094997655499997,mp-1205852,formation_energy_per_atom,mp-1205852: formation_energy_per_atom = -2.094997655499997 eV/atom,gemini,exp2a_grounded_naive_retrieval_noverify,1770621434.346623
mp-28483,band_gap,1.069899999999999,mp-28483,band_gap,mp-28483: band_gap = 1.0699 eV,gemini,exp2a_grounded_naive_retrieval_noverify,1770621435.6534579
mp-28483,formation_energy_per_atom,-0.9345107228571432,mp-28483,formation_energy_per_atom,mp-28483: formation_energy_per_atom = -0.9345107228571432 eV/atom,gemini,exp2a_grounded_naive_retrieval_noverify,1770621437.008488
mp-561664,band_gap,4.0186,mp-561664,band_gap,mp-561664: band_gap = 4.0186 eV,gemini,exp2a_grounded_naive_retrieval_noverify,1770621438.338476
mp-561664,formation_energy_per_atom,-2.216336207,mp-561664,formation_energy_per_atom,mp-561664: formation_energy_per_atom = -2.216336207 eV/atom,gemini,exp2a_grounded_naive_retrieval_noverify,1770621439.666805
mp-27871,band_gap,1.2584,mp-27871,band_gap,mp-27871: band_gap = 1.2584 eV,gemini,exp2a_grounded_naive_retrieval_noverify,1770621440.8962119
mp-27871,formation_energy_per_atom,-0.8457965725000001,mp-27871,formation_energy_per_atom,mp-27871: formation_energy_per_atom = -0.8457965725 eV/atom,gemini,exp2a_grounded_naive_retrieval_noverify,1770621442.1282969
mp-680339,band_gap,0.755599999999999,mp-680339,band_gap,mp-680339: band_gap = 0.7556 eV,gemini,exp2a_grounded_naive_retrieval_noverify,1770621443.5581172
mp-680339,formation_energy_per_atom,-0.28327900617555,mp-680339,formation_energy_per_atom,mp-680339: formation_energy_per_atom = -0.28327900617555 eV/atom,gemini,exp2a_grounded_naive_retrieval_noverify,1770621444.991113
mp-582753,band_gap,0.8007000000000001,mp-582753,band_gap,mp-582753: band_gap = 0.8007 eV,gemini,exp2a_grounded_naive_retrieval_noverify,1770621446.4284759
mp-582753,formation_energy_per_atom,-0.434993182323239,mp-582753,formation_energy_per_atom,mp-582753: formation_energy_per_atom = -0.434993182323239 (eV/atom),gemini,exp2a_grounded_naive_retrieval_noverify,1770621447.8633118
mp-30092,band_gap,3.4576,mp-30092,band_gap,mp-30092: band_gap = 3.4576 eV,gemini,exp2a_grounded_naive_retrieval_noverify,1770621449.397931
mp-30092,formation_energy_per_atom,-1.725360933333334,mp-30092,formation_energy_per_atom,mp-30092: formation_energy_per_atom = -1.725360933333334 eV/atom,gemini,exp2a_grounded_naive_retrieval_noverify,1770621450.831886
mp-27161,band_gap,2.9118,mp-27161,band_gap,mp-27161: band_gap = 2.9118 eV,gemini,exp2a_grounded_naive_retrieval_noverify,1770621452.163455
mp-27161,formation_energy_per_atom,-0.8721765856249991,mp-27161,formation_energy_per_atom,mp-27161: formation_energy_per_atom = -0.8721765856249991 eV/atom,gemini,exp2a_grounded_naive_retrieval_noverify,1770621453.494038
mp-1018138,band_gap,1.037,mp-1018138,band_gap,mp-1018138: band_gap = 1.037 eV,gemini,exp2a_grounded_naive_retrieval_noverify,1770621454.926753
mp-1018138,formation_energy_per_atom,-0.7411700000000001,mp-1018138,formation_energy_per_atom,mp-1018138: formation_energy_per_atom = -0.7411700000000001 (eV/atom),gemini,exp2a_grounded_naive_retrieval_noverify,1770621456.359246
mp-23155,band_gap,8.5132,mp-23155,band_gap,mp-23155: band_gap = 8.5132 eV,gemini,exp2a_grounded_naive_retrieval_noverify,1770621457.793209
mp-23155,formation_energy_per_atom,0.0,mp-23155,formation_energy_per_atom,mp-23155: formation_energy_per_atom = 0.0 eV/atom,gemini,exp2a_grounded_naive_retrieval_noverify,1770621459.227983
mp-1197742,band_gap,0.8515,mp-1197742,band_gap,mp-1197742: band_gap = 0.8515 eV,gemini,exp2a_grounded_naive_retrieval_noverify,1770621460.558667
mp-1197742,formation_energy_per_atom,-0.327354584285715,mp-1197742,formation_energy_per_atom,mp-1197742: formation_energy_per_atom = -0.327354584285715 eV/atom,gemini,exp2a_grounded_naive_retrieval_noverify,1770621461.9902442
mp-647579,band_gap,3.2214,mp-647579,band_gap,mp-647579: band_gap = 3.2214 eV,gemini,exp2a_grounded_naive_retrieval_noverify,1770621464.0423942
mp-647579,formation_energy_per_atom,-0.198695136500001,mp-28933,formation_energy_per_atom,mp-647579: formation_energy_per_atom = -0.198695136500001 eV/atom,gemini,exp2a_grounded_naive_retrieval_noverify,1770621465.374628
mp-15649,band_gap,0.8155000000000001,mp-15649,band_gap,mp-15649: band_gap = 0.8155 eV,gemini,exp2a_grounded_naive_retrieval_noverify,1770621466.705778
mp-15649,formation_energy_per_atom,-0.69001870828125,mp-568263,formation_energy_per_atom,mp-15649: formation_energy_per_atom = -0.69001870828125 eV/atom,gemini,exp2a_grounded_naive_retrieval_noverify,1770621468.058828
mp-557993,band_gap,1.1596,mp-557993,band_gap,mp-557993: band_gap = 1.1596 eV,gemini,exp2a_grounded_naive_retrieval_noverify,1770621469.670911
mp-557993,formation_energy_per_atom,-1.459764126666667,mp-557993,formation_energy_per_atom,mp-557993: formation_energy_per_atom = -1.459764126666667 eV/atom,gemini,exp2a_grounded_naive_retrieval_noverify,1770621471.107659
mp-7904,band_gap,0.6551,mp-7904,band_gap,mp-7904: band_gap = 0.6551 eV,gemini,exp2a_grounded_naive_retrieval_noverify,1770621472.541019
mp-7904,formation_energy_per_atom,-0.120742532380951,mp-7904,formation_energy_per_atom,mp-7904: formation_energy_per_atom = -0.120742532380951 eV/atom,gemini,exp2a_grounded_naive_retrieval_noverify,1770621473.97565
mp-570738,band_gap,2.4744,mp-570738,band_gap,mp-570738: band_gap = 2.4744 eV,gemini,exp2a_grounded_naive_retrieval_noverify,1770621475.408591
mp-570738,formation_energy_per_atom,-0.727731253611111,mp-570738,formation_energy_per_atom,mp-570738: formation_energy_per_atom = -0.727731253611111 eV/atom,gemini,exp2a_grounded_naive_retrieval_noverify,1770621476.740544
mp-628742,band_gap,0.5845,mp-628742,band_gap,mp-628742: band_gap = 0.5845 eV,gemini,exp2a_grounded_naive_retrieval_noverify,1770621478.073112
mp-628742,formation_energy_per_atom,-0.486485566153847,mp-628742,formation_energy_per_atom,mp-628742: formation_energy_per_atom = -0.486485566153847 eV/atom,gemini,exp2a_grounded_naive_retrieval_noverify,1770621479.4030368
mp-1204356,band_gap,1.8389,mp-1204356,band_gap,mp-1204356: band_gap = 1.8389 eV,gemini,exp2a_grounded_naive_retrieval_noverify,1770621480.734333
mp-1204356,formation_energy_per_atom,-0.305946444868422,mp-1204356,formation_energy_per_atom,mp-1204356: formation_energy_per_atom = -0.305946444868422 eV/atom,gemini,exp2a_grounded_naive_retrieval_noverify,1770621482.139871
mp-7262,band_gap,0.224099999999999,mp-7262,band_gap,mp-7262: band_gap = 0.224 eV,gemini,exp2a_grounded_naive_retrieval_noverify,1770621483.495084
mp-7262,formation_energy_per_atom,-0.148990749583333,mp-7262,formation_energy_per_atom,mp-7262: formation_energy_per_atom = -0.148990749583333 eV/atom,gemini,exp2a_grounded_naive_retrieval_noverify,1770621484.624725
mp-28879,band_gap,1.1418,mp-28879,band_gap,mp-28879: band_gap = 1.1418 eV,gemini,exp2a_grounded_naive_retrieval_noverify,1770621486.062176
mp-28879,formation_energy_per_atom,-1.057331754908424,mp-28879,formation_energy_per_atom,mp-28879: formation_energy_per_atom = -1.057331754908424 eV/atom,gemini,exp2a_grounded_naive_retrieval_noverify,1770621487.421458
mp-27684,band_gap,1.099199999999999,mp-27684,band_gap,mp-27684: band_gap = 1.0992 eV,gemini,exp2a_grounded_naive_retrieval_noverify,1770621489.336971
mp-27684,formation_energy_per_atom,-0.932556454761906,mp-27684,formation_energy_per_atom,mp-27684: formation_energy_per_atom = -0.932556454761906 eV/atom,gemini,exp2a_grounded_naive_retrieval_noverify,1770621490.773068
mp-541404,band_gap,0.7584000000000001,mp-541404,band_gap,mp-541404: band_gap = 0.7584 eV,gemini,exp2a_grounded_naive_retrieval_noverify,1770621491.897014
mp-541404,formation_energy_per_atom,-2.522468176666668,mp-541404,formation_energy_per_atom,mp-541404: formation_energy_per_atom = -2.522468176666668 eV/atom,gemini,exp2a_grounded_naive_retrieval_noverify,1770621493.329893
mp-1391848,band_gap,2.0863,mp-1391848,band_gap,mp-1391848: band_gap = 2.0863 eV,gemini,exp2a_grounded_naive_retrieval_noverify,1770621494.660616
mp-1391848,formation_energy_per_atom,-1.853706801666665,mp-30034,formation_energy_per_atom,mp-1391848: formation_energy_per_atom = -1.853706801666665 eV/atom,gemini,exp2a_grounded_naive_retrieval_noverify,1770621496.1979678
mp-1184796,band_gap,8.0745,mp-1184796,band_gap,mp-1184796: band_gap = 8.0745 eV,gemini,exp2a_grounded_naive_retrieval_noverify,1770621497.4173381
mp-1184796,formation_energy_per_atom,-1.406990803749999,mp-1184796,formation_energy_per_atom,mp-1184796: formation_energy_per_atom = -1.406990803749999 eV/atom,gemini,exp2a_grounded_naive_retrieval_noverify,1770621498.858879
mp-9268,band_gap,0.7039000000000001,mp-9268,band_gap,mp-9268: band_gap = 0.7039 eV,gemini,exp2a_grounded_naive_retrieval_noverify,1770621500.086593
mp-9268,formation_energy_per_atom,-1.167954419796875,mp-9268,formation_energy_per_atom,mp-9268: formation_energy_per_atom = -1.167954419796875 eV/atom,gemini,exp2a_grounded_naive_retrieval_noverify,1770621501.420522
mp-540922,band_gap,0.1806,mp-540922,band_gap,mp-540922: band_gap = 0.1806 eV,gemini,exp2a_grounded_naive_retrieval_noverify,1770621502.9568799
mp-540922,formation_energy_per_atom,-0.450521733124998,mp-540922,formation_energy_per_atom,mp-540922: formation_energy_per_atom = -0.450521733124998 eV/atom,gemini,exp2a_grounded_naive_retrieval_noverify,1770621504.386351
mp-540675,band_gap,3.0664,mp-540675,band_gap,mp-540675: band_gap = 3.0664 eV,gemini,exp2a_grounded_naive_retrieval_noverify,1770621505.746284
mp-540675,formation_energy_per_atom,-0.349825507562499,mp-540675,formation_energy_per_atom,mp-540675: formation_energy_per_atom = -0.349825507562499 eV/atom,gemini,exp2a_grounded_naive_retrieval_noverify,1770621507.150956
mp-571235,band_gap,2.021,mp-571235,band_gap,mp-571235: band_gap = 2.021 eV,gemini,exp2a_grounded_naive_retrieval_noverify,1770621508.482087
mp-571235,formation_energy_per_atom,-0.159580558906249,mp-542810,formation_energy_per_atom,mp-571235: formation_energy_per_atom = -0.159580558906249 eV/atom,gemini,exp2a_grounded_naive_retrieval_noverify,1770621509.816972
mp-1208424,band_gap,2.5242,mp-1208424,band_gap,mp-1208424: band_gap = 2.5242 eV,gemini,exp2a_grounded_naive_retrieval_noverify,1770621511.247051
mp-1208424,formation_energy_per_atom,-0.812674219083331,mp-1208424,formation_energy_per_atom,mp-1208424: formation_energy_per_atom = -0.812674219083331 eV/atom,gemini,exp2a_grounded_naive_retrieval_noverify,1770621512.582947
mp-27971,band_gap,5.0865,mp-27971,band_gap,mp-27971: band_gap = 5.0865 eV,gemini,exp2a_grounded_naive_retrieval_noverify,1770621513.88128
mp-27971,formation_energy_per_atom,-2.788094297499999,mp-27971,formation_energy_per_atom,mp-27971: formation_energy_per_atom = -2.788094297499999 eV/atom,gemini,exp2a_grounded_naive_retrieval_noverify,1770621515.319583
mp-22909,band_gap,-1.291011926666667,mp-22909,formation_energy_per_atom,mp-22909: band_gap = None,gemini,exp2a_grounded_naive_retrieval_noverify,1770621516.6778162
mp-22909,formation_energy_per_atom,-1.291011926666667,mp-22909,formation_energy_per_atom,mp-22909: formation_energy_per_atom = -1.291011926666667 eV/atom,gemini,exp2a_grounded_naive_retrieval_noverify,1770621518.315912
mp-556516,band_gap,-0.505116372129634,mp-556516,formation_energy_per_atom,mp-556516: band_gap = 0.734,gemini,exp2a_grounded_naive_retrieval_noverify,1770621519.508401
mp-556516,formation_energy_per_atom,-0.505116372129634,mp-556516,formation_energy_per_atom,mp-556516: formation_energy_per_atom = -0.505116372129634 eV/atom,gemini,exp2a_grounded_naive_retrieval_noverify,1770621521.047786
mp-21526,band_gap,-0.362189247187497,mp-21526,formation_energy_per_atom,mp-21526: band_gap = 3.47 eV,gemini,exp2a_grounded_naive_retrieval_noverify,1770621522.515593
mp-21526,formation_energy_per_atom,-0.362189247187497,mp-21526,formation_energy_per_atom,mp-21526: formation_energy_per_atom = -0.362189247187497 eV/atom,gemini,exp2a_grounded_naive_retrieval_noverify,1770621523.846068
mp-1274279,band_gap,1.8157,mp-1274279,band_gap,mp-1274279: band_gap = 1.8157 eV,gemini,exp2a_grounded_naive_retrieval_noverify,1770621525.08176
mp-1274279,formation_energy_per_atom,-1.481519387499999,mp-1274279,formation_energy_per_atom,mp-1274279: formation_energy_per_atom = -1.481519387499999 eV/atom,gemini,exp2a_grounded_naive_retrieval_noverify,1770621526.6110961
mp-554855,band_gap,1.5712000000000002,mp-554855,band_gap,mp-554855: band_gap = 1.5712 eV,gemini,exp2a_grounded_naive_retrieval_noverify,1770621527.9416199
mp-554855,formation_energy_per_atom,-2.60675029,mp-554855,formation_energy_per_atom,mp-554855: formation_energy_per_atom = -2.60675029 (eV/atom),gemini,exp2a_grounded_naive_retrieval_noverify,1770621529.318144
mp-510557,band_gap,4.2395,mp-510557,band_gap,mp-510557: band_gap = 4.2395 eV,gemini,exp2a_grounded_naive_retrieval_noverify,1770621530.6335151
mp-510557,formation_energy_per_atom,-0.216854790312499,mp-510557,formation_energy_per_atom,mp-510557: formation_energy_per_atom = -0.216854790312499 eV/atom,gemini,exp2a_grounded_naive_retrieval_noverify,1770621531.731427
mp-27291,band_gap,0.155399999999999,mp-27291,band_gap,mp-27291: band_gap = 0.1554 eV,gemini,exp2a_grounded_naive_retrieval_noverify,1770621533.070038
mp-27291,formation_energy_per_atom,-2.149853655000001,mp-27291,formation_energy_per_atom,mp-27291: formation_energy_per_atom = -2.149853655000001 eV/atom,gemini,exp2a_grounded_naive_retrieval_noverify,1770621534.495556
mp-568348,band_gap,1.8454,mp-568348,band_gap,mp-568348: band_gap = 1.8454 eV,gemini,exp2a_grounded_naive_retrieval_noverify,1770621535.93242
mp-568348,formation_energy_per_atom,0.0,mp-568348,formation_energy_per_atom,mp-568348: formation_energy_per_atom = 0.0 eV/atom,gemini,exp2a_grounded_naive_retrieval_noverify,1770621537.359575
mp-2084,band_gap,0.9437999999999992,mp-2084,band_gap,mp-2084: band_gap = 0.9438 eV,gemini,exp2a_grounded_naive_retrieval_noverify,1770621538.797903
mp-2084,formation_energy_per_atom,-1.529192906999997,mp-1524458,formation_energy_per_atom,mp-2084: formation_energy_per_atom = -1.529192906999997 eV/atom,gemini,exp2a_grounded_naive_retrieval_noverify,1770621540.127559
mp-995393,band_gap,2.1989,mp-995393,band_gap,mp-995393: band_gap = 2.1989 eV,gemini,exp2a_grounded_naive_retrieval_noverify,1770621541.354166
mp-995393,formation_energy_per_atom,-0.612184769666665,mp-995393,formation_energy_per_atom,mp-995393: formation_energy_per_atom = -0.612184769666665 eV/atom,gemini,exp2a_grounded_naive_retrieval_noverify,1770621542.5278149
mp-1345,band_gap,-1.2564584531547611,mp-1345,formation_energy_per_atom,mp-1345: band_gap = The band gap of mp-1345 is not available in the provided tool result.,gemini,exp2a_grounded_naive_retrieval_noverify,1770621543.9165518
mp-1345,formation_energy_per_atom,-1.2564584531547611,mp-1345,formation_energy_per_atom,mp-1345: formation_energy_per_atom = -1.2564584531547611 (eV/atom),gemini,exp2a_grounded_naive_retrieval_noverify,1770621545.143222
mp-1193140,band_gap,1.8661999999999992,mp-1193140,band_gap,mp-1193140: band_gap = 1.866 eV,gemini,exp2a_grounded_naive_retrieval_noverify,1770621546.576801
mp-1193140,formation_energy_per_atom,-0.743681253794641,mp-1193140,formation_energy_per_atom,mp-1193140: formation_energy_per_atom = -0.743681253794641 eV/atom,gemini,exp2a_grounded_naive_retrieval_noverify,1770621547.911905
mp-29657,band_gap,0.665199999999999,mp-29657,band_gap,mp-29657: band_gap = 0.665199999999999 eV,gemini,exp2a_grounded_naive_retrieval_noverify,1770621549.152969
mp-29657,formation_energy_per_atom,-0.214525574374999,mp-29657,formation_energy_per_atom,mp-29657: formation_energy_per_atom = -0.214525574374999 eV/atom,gemini,exp2a_grounded_naive_retrieval_noverify,1770621550.471021
mp-23265,band_gap,2.0054,mp-23265,band_gap,mp-23265: band_gap = 2.0054 eV,gemini,exp2a_grounded_naive_retrieval_noverify,1770621551.7668219
mp-23265,formation_energy_per_atom,-2.506313930624998,mp-23265,formation_energy_per_atom,mp-23265: formation_energy_per_atom = -2.506313930624998 eV/atom,gemini,exp2a_grounded_naive_retrieval_noverify,1770621553.030535
mp-542812,band_gap,1.0066,mp-542812,band_gap,mp-542812: band_gap = 1.0066 eV,gemini,exp2a_grounded_naive_retrieval_noverify,1770621554.462738
mp-542812,formation_energy_per_atom,-0.442993200833332,mp-542812,formation_energy_per_atom,mp-542812: formation_energy_per_atom = -0.442993200833332 eV/atom,gemini,exp2a_grounded_naive_retrieval_noverify,1770621555.749922
mp-10802,band_gap,0.5879000000000001,mp-10802,band_gap,mp-10802: band_gap = 0.5879 eV,gemini,exp2a_grounded_naive_retrieval_noverify,1770621557.127475
mp-10802,formation_energy_per_atom,-0.417557193125,mp-10802,formation_energy_per_atom,mp-10802: formation_energy_per_atom = -0.417557193125 eV/atom,gemini,exp2a_grounded_naive_retrieval_noverify,1770621558.562635
mp-27725,band_gap,2.0942,mp-27725,band_gap,mp-27725: band_gap = 2.0942 eV,gemini,exp2a_grounded_naive_retrieval_noverify,1770621559.947948
mp-27725,formation_energy_per_atom,2.0942,mp-27725,band_gap,mp-27725: formation_energy_per_atom = -0.483 eV/atom,gemini,exp2a_grounded_naive_retrieval_noverify,1770621561.4361222
mp-1080428,band_gap,0.8728,mp-1080428,band_gap,mp-1080428: band_gap = 0.8728 (eV),gemini,exp2a_grounded_naive_retrieval_noverify,1770621562.759438
mp-1080428,formation_energy_per_atom,-1.326321304000006,mp-1080428,formation_energy_per_atom,mp-1080428: formation_energy_per_atom = -1.326321304000006 (eV/atom),gemini,exp2a_grounded_naive_retrieval_noverify,1770621564.090254
mp-569561,band_gap,3.1165,mp-569561,band_gap,mp-569561: band_gap = 3.1165 eV,gemini,exp2a_grounded_naive_retrieval_noverify,1770621565.5219898
mp-569561,formation_energy_per_atom,-3.19318655375,mp-1080821,formation_energy_per_atom,mp-569561: formation_energy_per_atom = -3.19318655375 eV/atom,gemini,exp2a_grounded_naive_retrieval_noverify,1770621566.957251
mp-743,band_gap,4.1608,mp-743,band_gap,mp-743: band_gap = 4.1608 eV,gemini,exp2a_grounded_naive_retrieval_noverify,1770621568.289595
mp-743,formation_energy_per_atom,-0.140204309375,mp-743,formation_energy_per_atom,mp-743: formation_energy_per_atom = -0.140204309375 (eV/atom),gemini,exp2a_grounded_naive_retrieval_noverify,1770621569.6185331
mp-484,band_gap,0.4326,mp-484,band_gap,mp-484: band_gap = 0.4326 eV,gemini,exp2a_grounded_naive_retrieval_noverify,1770621570.849304
mp-484,formation_energy_per_atom,-0.001508734,mp-484,formation_energy_per_atom,mp-484: formation_energy_per_atom = -0.001508734 (eV/atom),gemini,exp2a_grounded_naive_retrieval_noverify,1770621572.2794828
mp-1864,band_gap,0.1139,mp-1864,band_gap,mp-1864: band_gap = 0.1139 eV,gemini,exp2a_grounded_naive_retrieval_noverify,1770621573.71629
mp-1864,formation_energy_per_atom,-0.678575252480158,mp-1864,formation_energy_per_atom,mp-1864: formation_energy_per_atom = -0.678575252480158 eV/atom,gemini,exp2a_grounded_naive_retrieval_noverify,1770621575.146803
mp-30520,band_gap,1.667899999999999,mp-30520,band_gap,mp-30520: band_gap = 1.6679 eV,gemini,exp2a_grounded_naive_retrieval_noverify,1770621576.379263
mp-30520,formation_energy_per_atom,-0.498485183452379,mp-30520,formation_energy_per_atom,mp-30520: formation_energy_per_atom = -0.498485183452379 eV/atom,gemini,exp2a_grounded_naive_retrieval_noverify,1770621577.812615
mp-23221,band_gap,3.429599999999999,mp-23221,band_gap,mp-23221: band_gap = 3.4296 eV,gemini,exp2a_grounded_naive_retrieval_noverify,1770621579.041593
mp-23221,formation_energy_per_atom,-2.306216135416666,mp-23221,formation_energy_per_atom,mp-23221: formation_energy_per_atom = -2.306216135416666 eV/atom,gemini,exp2a_grounded_naive_retrieval_noverify,1770621580.373832
mp-149,band_gap,0.6105,mp-149,band_gap,mp-149: band_gap = 0.6105 eV,gemini,exp2a_grounded_naive_retrieval_noverify,1770621581.7045739
mp-149,formation_energy_per_atom,0.0,mp-149,formation_energy_per_atom,mp-149: formation_energy_per_atom = 0.0 eV/atom,gemini,exp2a_grounded_naive_retrieval_noverify,1770621583.134432
mp-1863,band_gap,1.451899999999999,mp-1863,band_gap,mp-1863: band_gap = 1.4519 eV,gemini,exp2a_grounded_naive_retrieval_noverify,1770621584.4693172
mp-1863,formation_energy_per_atom,-0.119684392083333,mp-1863,formation_energy_per_atom,mp-1863: formation_energy_per_atom = -0.119684392083333 eV/atom,gemini,exp2a_grounded_naive_retrieval_noverify,1770621585.9029639
mp-1524446,band_gap,1.0487,mp-1524446,band_gap,mp-1524446: band_gap = 1.0487 eV,gemini,exp2a_grounded_naive_retrieval_noverify,1770621587.13245
mp-1524446,formation_energy_per_atom,-1.452075918750001,mp-1524446,formation_energy_per_atom,mp-1524446: formation_energy_per_atom = -1.452075918750001 eV/atom,gemini,exp2a_grounded_naive_retrieval_noverify,1770621588.562892
mp-730101,band_gap,0.216299999999999,mp-181,band_gap,mp-730101: band_gap = 0.2163 eV,gemini,exp2a_grounded_naive_retrieval_noverify,1770621589.884715
mp-730101,formation_energy_per_atom,0.0,mp-730101,formation_energy_per_atom,mp-730101: formation_energy_per_atom = 0.0 (eV/atom),gemini,exp2a_grounded_naive_retrieval_noverify,1770621591.122889
mp-31049,band_gap,-3.159657924166664,mp-31049,formation_energy_per_atom,mp-31049: band_gap = 0.78 eV,gemini,exp2a_grounded_naive_retrieval_noverify,1770621592.456436
mp-31049,formation_energy_per_atom,-3.159657924166664,mp-31049,formation_energy_per_atom,mp-31049: formation_energy_per_atom = -3.159657924166664 eV/atom,gemini,exp2a_grounded_naive_retrieval_noverify,1770621593.587051
mp-573812,band_gap,1.4052,mp-573812,band_gap,mp-573812: band_gap = 1.4052 eV,gemini,exp2a_grounded_naive_retrieval_noverify,1770621595.0166981
mp-573812,formation_energy_per_atom,-0.28239570742611,mp-573812,formation_energy_per_atom,mp-573812: formation_energy_per_atom = -0.28239570742611 eV/atom,gemini,exp2a_grounded_naive_retrieval_noverify,1770621596.350096
mp-1213805,band_gap,1.159,mp-1213805,band_gap,mp-1213805: band_gap = 1.159 eV,gemini,exp2a_grounded_naive_retrieval_noverify,1770621597.5483992
mp-1213805,formation_energy_per_atom,-0.723041855833334,mp-1213805,formation_energy_per_atom,mp-1213805: formation_energy_per_atom = -0.723041855833334 eV/atom,gemini,exp2a_grounded_naive_retrieval_noverify,1770621598.907836
mp-7188,band_gap,0.289899999999999,mp-7188,band_gap,mp-7188: band_gap = 0.2899 eV,gemini,exp2a_grounded_naive_retrieval_noverify,1770621600.141514
mp-7188,formation_energy_per_atom,-0.670291663333335,mp-7188,formation_energy_per_atom,mp-7188: formation_energy_per_atom = -0.670291663333335 eV/atom,gemini,exp2a_grounded_naive_retrieval_noverify,1770621601.568128
mp-680422,band_gap,2.9265,mp-680422,band_gap,mp-680422: band_gap = 2.9265 eV,gemini,exp2a_grounded_naive_retrieval_noverify,1770621602.907798
mp-680422,formation_energy_per_atom,-0.215968716874999,mp-680422,formation_energy_per_atom,mp-680422: formation_energy_per_atom = -0.215968716874999 eV/atom,gemini,exp2a_grounded_naive_retrieval_noverify,1770621604.3334348
mp-1683,band_gap,0.3979,mp-1683,band_gap,mp-1683: band_gap = 0.3979 eV,gemini,exp2a_grounded_naive_retrieval_noverify,1770621605.676199
mp-1683,formation_energy_per_atom,-1.236771233046873,mp-1683,formation_energy_per_atom,mp-1683: formation_energy_per_atom = -1.236771233046873 eV/atom,gemini,exp2a_grounded_naive_retrieval_noverify,1770621607.100342
mp-1100,band_gap,1.0375,mp-1100,band_gap,mp-1100: band_gap = 1.0375 eV,gemini,exp2a_grounded_naive_retrieval_noverify,1770621608.8382049
mp-1100,formation_energy_per_atom,-0.377014445,mp-1100,formation_energy_per_atom,mp-1100: formation_energy_per_atom = -0.377014445 (eV/atom),gemini,exp2a_grounded_naive_retrieval_noverify,1770621610.173891
mp-11054,band_gap,0.877899999999999,mp-11054,band_gap,mp-11054: band_gap = 0.877899999999999 eV,gemini,exp2a_grounded_naive_retrieval_noverify,1770621611.5010931
mp-11054,formation_energy_per_atom,-0.278649864374999,mp-11054,formation_energy_per_atom,mp-11054: formation_energy_per_atom = -0.278649864374999 eV/atom,gemini,exp2a_grounded_naive_retrieval_noverify,1770621612.733728
mp-306,band_gap,6.3017,mp-306,band_gap,mp-306: band_gap = 6.3017 eV,gemini,exp2a_grounded_naive_retrieval_noverify,1770621614.1256
mp-306,formation_energy_per_atom,-2.798056310000001,mp-306,formation_energy_per_atom,mp-306: formation_energy_per_atom = -2.798056310000001 eV/atom,gemini,exp2a_grounded_naive_retrieval_noverify,1770621615.599085
mp-1018040,band_gap,2.5765,mp-1018040,band_gap,mp-1018040: band_gap = 2.5765 eV,gemini,exp2a_grounded_naive_retrieval_noverify,1770621617.034003
mp-1018040,formation_energy_per_atom,-1.474296713671875,mp-1018040,formation_energy_per_atom,mp-1018040: formation_energy_per_atom = -1.474296713671875 eV/atom,gemini,exp2a_grounded_naive_retrieval_noverify,1770621618.262261
mp-12957,band_gap,1.0933,mp-12957,band_gap,mp-12957: band_gap = 1.0933 eV,gemini,exp2a_grounded_naive_retrieval_noverify,1770621619.589323
mp-12957,formation_energy_per_atom,0.0,mp-12957,formation_energy_per_atom,mp-12957: formation_energy_per_atom = 0.0 eV/atom,gemini,exp2a_grounded_naive_retrieval_noverify,1770621620.925753
mp-8377,band_gap,3.0604,mp-8377,band_gap,mp-8377: band_gap = 3.0604 eV,gemini,exp2a_grounded_naive_retrieval_noverify,1770621622.1531699
mp-8377,formation_energy_per_atom,-1.4950600038888862,mp-8377,formation_energy_per_atom,mp-8377: formation_energy_per_atom = -1.4950600038888862 eV/atom,gemini,exp2a_grounded_naive_retrieval_noverify,1770621623.484593
mp-23933,band_gap,2.197699999999999,mp-23933,band_gap,mp-23933: band_gap = 2.1977 eV,gemini,exp2a_grounded_naive_retrieval_noverify,1770621625.0213609
mp-23933,formation_energy_per_atom,-1.128947433749999,mp-18536,formation_energy_per_atom,mp-23933: formation_energy_per_atom = -1.128947433749999 eV/atom,gemini,exp2a_grounded_naive_retrieval_noverify,1770621626.146781
mp-13568,band_gap,0.3379,mp-13568,band_gap,mp-13568: band_gap = 0.3379 eV,gemini,exp2a_grounded_naive_retrieval_noverify,1770621627.477876
mp-13568,formation_energy_per_atom,-0.670291663333335,mp-7188,formation_energy_per_atom,mp-13568: formation_energy_per_atom = -0.670291663333335 eV/atom,gemini,exp2a_grounded_naive_retrieval_noverify,1770621629.014125
mp-571442,band_gap,3.0417,mp-571442,band_gap,mp-571442: band_gap = 3.0417 eV,gemini,exp2a_grounded_naive_retrieval_noverify,1770621630.45347
mp-571442,formation_energy_per_atom,-1.710965791249998,mp-571442,formation_energy_per_atom,mp-571442: formation_energy_per_atom = -1.710965791249998 eV/atom,gemini,exp2a_grounded_naive_retrieval_noverify,1770621631.6758862
mp-1154,band_gap,0.7510000000000001,mp-1154,band_gap,mp-1154: band_gap = 0.751 eV,gemini,exp2a_grounded_naive_retrieval_noverify,1770621633.008488
mp-1154,formation_energy_per_atom,-2.204479133333331,mp-2697,formation_energy_per_atom,mp-1154: formation_energy_per_atom = -2.204479133333331 eV/atom,gemini,exp2a_grounded_naive_retrieval_noverify,1770621634.442421
mp-1524481,band_gap,8.309,mp-1524481,band_gap,mp-1524481: band_gap = 8.309 eV,gemini,exp2a_grounded_naive_retrieval_noverify,1770621635.663737
mp-1524481,formation_energy_per_atom,-1.27488559425,mp-1524481,formation_energy_per_atom,mp-1524481: formation_energy_per_atom = -1.27488559425 eV/atom,gemini,exp2a_grounded_naive_retrieval_noverify,1770621637.104265
mp-27972,band_gap,4.103299999999999,mp-27972,band_gap,mp-27972: band_gap = 4.1033 eV,gemini,exp2a_grounded_naive_retrieval_noverify,1770621638.435881
mp-27972,formation_energy_per_atom,-2.494519163125,mp-27972,formation_energy_per_atom,mp-27972: formation_energy_per_atom = -2.494519163125 (eV/atom),gemini,exp2a_grounded_naive_retrieval_noverify,1770621639.8690372
mp-27153,band_gap,0.2115,mp-27153,band_gap,mp-27153: band_gap = 0.2115 eV,gemini,exp2a_grounded_naive_retrieval_noverify,1770621641.198323
mp-27153,formation_energy_per_atom,-1.76299271,mp-27153,formation_energy_per_atom,mp-27153: formation_energy_per_atom = -1.76299271 eV/atom,gemini,exp2a_grounded_naive_retrieval_noverify,1770621642.531204
mp-1524458,band_gap,3.1633,mp-1524458,band_gap,mp-1524458: band_gap = 3.1633 eV,gemini,exp2a_grounded_naive_retrieval_noverify,1770621644.0683782
mp-1524458,formation_energy_per_atom,-1.529192906999997,mp-1524458,formation_energy_per_atom,mp-1524458: formation_energy_per_atom = -1.529192906999997 eV/atom,gemini,exp2a_grounded_naive_retrieval_noverify,1770621645.459469
mp-634859,band_gap,2.7345,mp-634859,band_gap,mp-634859: band_gap = 2.7345 eV,gemini,exp2a_grounded_naive_retrieval_noverify,1770621646.7299368
mp-634859,formation_energy_per_atom,-2.206560153333333,mp-634859,formation_energy_per_atom,mp-634859: formation_energy_per_atom = -2.206560153333333 eV/atom,gemini,exp2a_grounded_naive_retrieval_noverify,1770621648.0617442
mp-468,band_gap,7.6012,mp-468,band_gap,mp-468: band_gap = 7.6012 eV,gemini,exp2a_grounded_naive_retrieval_noverify,1770621649.2880151
mp-468,formation_energy_per_atom,-3.86576940625,mp-468,formation_energy_per_atom,mp-468: formation_energy_per_atom = -3.86576940625 eV/atom,gemini,exp2a_grounded_naive_retrieval_noverify,1770621650.600863
mp-559931,band_gap,6.3017,mp-306,band_gap,mp-559931: band_gap = 6.3017 eV,gemini,exp2a_grounded_naive_retrieval_noverify,1770621651.88928
mp-559931,formation_energy_per_atom,-3.238528048750001,mp-559931,formation_energy_per_atom,mp-559931: formation_energy_per_atom = -3.238528048750001 eV/atom,gemini,exp2a_grounded_naive_retrieval_noverify,1770621653.28242
mp-1206891,band_gap,1.0096,mp-1206891,band_gap,mp-1206891: band_gap = 1.0096 eV,gemini,exp2a_grounded_naive_retrieval_noverify,1770621654.615455
mp-1206891,formation_energy_per_atom,-0.5667571437499991,mp-1206891,formation_energy_per_atom,mp-1206891: formation_energy_per_atom = -0.5667571437499991 eV/atom,gemini,exp2a_grounded_naive_retrieval_noverify,1770621656.048794
mp-1095275,band_gap,0.4889,mp-1095275,band_gap,mp-1095275: band_gap = 0.4889 eV,gemini,exp2a_grounded_naive_retrieval_noverify,1770621657.275744
mp-1095275,formation_energy_per_atom,-0.009709900654762,mp-1095275,formation_energy_per_atom,mp-1095275: formation_energy_per_atom = -0.009709900654762 eV/atom,gemini,exp2a_grounded_naive_retrieval_noverify,1770621658.711185
mp-1201,band_gap,0.5263,mp-1213622,band_gap,mp-1201: band_gap = 0.5263 eV,gemini,exp2a_grounded_naive_retrieval_noverify,1770621660.039794
mp-1201,formation_energy_per_atom,-0.265866406249999,mp-27725,formation_energy_per_atom,mp-1201: formation_energy_per_atom = -0.265866406249999 eV/atom,gemini,exp2a_grounded_naive_retrieval_noverify,1770621661.26896
mp-570437,band_gap,-1.990905017999998,mp-341,formation_energy_per_atom,mp-570437: band_gap = 3.198,gemini,exp2a_grounded_naive_retrieval_noverify,1770621662.5997288
mp-570437,formation_energy_per_atom,-0.932556454761906,mp-27684,formation_energy_per_atom,mp-570437: formation_energy_per_atom = -0.932556454761906 eV/atom,gemini,exp2a_grounded_naive_retrieval_noverify,1770621664.052475
mp-27358,band_gap,0.861699999999999,mp-200,band_gap,mp-27358: band_gap = 0.8617 eV,gemini,exp2a_grounded_naive_retrieval_noverify,1770621665.467495
mp-27358,formation_energy_per_atom,-1.022062649955356,mp-27358,formation_energy_per_atom,mp-27358: formation_energy_per_atom = -1.022062649955356 eV/atom,gemini,exp2a_grounded_naive_retrieval_noverify,1770621666.699527
mp-754815,band_gap,3.976499999999999,mp-754815,band_gap,mp-754815: band_gap = 3.9765 eV,gemini,exp2a_grounded_naive_retrieval_noverify,1770621668.03097
mp-754815,formation_energy_per_atom,-2.30537281125,mp-754815,formation_energy_per_atom,mp-754815: formation_energy_per_atom = -2.30537281125 eV/atom,gemini,exp2a_grounded_naive_retrieval_noverify,1770621669.6657379
mp-568263,band_gap,1.2121,mp-568263,band_gap,mp-568263: band_gap = 1.2121 eV,gemini,exp2a_grounded_naive_retrieval_noverify,1770621670.9995751
mp-568263,formation_energy_per_atom,-0.69001870828125,mp-568263,formation_energy_per_atom,mp-568263: formation_energy_per_atom = -0.69001870828125 eV/atom,gemini,exp2a_grounded_naive_retrieval_noverify,1770621672.533016
mp-1025522,band_gap,0.6758999999999991,mp-1025522,band_gap,mp-1025522: band_gap = 0.6759 eV,gemini,exp2a_grounded_naive_retrieval_noverify,1770621673.9703722
mp-1025522,formation_energy_per_atom,-1.162119996249998,mp-1025522,formation_energy_per_atom,mp-1025522: formation_energy_per_atom = -1.162119996249998 eV/atom,gemini,exp2a_grounded_naive_retrieval_noverify,1770621675.403636
mp-571011,band_gap,1.7836,mp-571011,band_gap,mp-571011: band_gap = 1.7836 eV,gemini,exp2a_grounded_naive_retrieval_noverify,1770621676.731179
mp-571011,formation_energy_per_atom,-0.975770047431038,mp-571011,formation_energy_per_atom,mp-571011: formation_energy_per_atom = -0.975770047431038 eV/atom,gemini,exp2a_grounded_naive_retrieval_noverify,1770621678.066957
mp-28044,band_gap,4.918,mp-28044,band_gap,mp-28044: band_gap = 4.918 eV,gemini,exp2a_grounded_naive_retrieval_noverify,1770621679.9091148
mp-28044,formation_energy_per_atom,-2.512653630624999,mp-28044,formation_energy_per_atom,mp-28044: formation_energy_per_atom = -2.512653630624999 eV/atom,gemini,exp2a_grounded_naive_retrieval_noverify,1770621681.343767
mp-1217322,band_gap,0.7062,mp-1217322,band_gap,mp-1217322: band_gap = 0.7062 eV,gemini,exp2a_grounded_naive_retrieval_noverify,1770621682.673763
mp-1217322,formation_energy_per_atom,-0.010930726197914,mp-1217322,formation_energy_per_atom,mp-1217322: formation_energy_per_atom = -0.010930726197914 eV/atom,gemini,exp2a_grounded_naive_retrieval_noverify,1770621684.107691
mp-541155,band_gap,0.9239,mp-541155,band_gap,mp-541155: band_gap = 0.9239 eV,gemini,exp2a_grounded_naive_retrieval_noverify,1770621685.337321
mp-541155,formation_energy_per_atom,0.0,mp-19,formation_energy_per_atom,mp-541155: formation_energy_per_atom = 0.0 eV/atom,gemini,exp2a_grounded_naive_retrieval_noverify,1770621686.6687338
mp-19,band_gap,0.1856,mp-19,band_gap,mp-19: band_gap = 0.1856 eV,gemini,exp2a_grounded_naive_retrieval_noverify,1770621688.098353
mp-19,formation_energy_per_atom,0.0,mp-19,formation_energy_per_atom,mp-19: formation_energy_per_atom = 0.0 eV/atom,gemini,exp2a_grounded_naive_retrieval_noverify,1770621689.322927
mp-22885,band_gap,2.686199999999999,mp-22885,band_gap,mp-22885: band_gap = 2.6862 eV,gemini,exp2a_grounded_naive_retrieval_noverify,1770621690.556994
mp-22885,formation_energy_per_atom,-0.7818107566666681,mp-22885,formation_energy_per_atom,mp-22885: formation_energy_per_atom = -0.7818107566666681 eV/atom,gemini,exp2a_grounded_naive_retrieval_noverify,1770621691.887625
mp-20652,band_gap,1.9078,mp-20652,band_gap,mp-20652: band_gap = 1.9078 eV,gemini,exp2a_grounded_naive_retrieval_noverify,1770621693.126109
mp-20652,formation_energy_per_atom,-2.26442824375,mp-20652,formation_energy_per_atom,mp-20652: formation_energy_per_atom = -2.26442824375 eV/atom,gemini,exp2a_grounded_naive_retrieval_noverify,1770621694.450123
mp-27857,band_gap,0.9792,mp-27857,band_gap,mp-27857: band_gap = 0.9792 eV,gemini,exp2a_grounded_naive_retrieval_noverify,1770621695.750269
mp-27857,formation_energy_per_atom,-0.694771309999999,mp-27857,formation_energy_per_atom,mp-27857: formation_energy_per_atom = -0.694771309999999 (eV/atom),gemini,exp2a_grounded_naive_retrieval_noverify,1770621697.211951
mp-985829,band_gap,1.2237,mp-985829,band_gap,mp-985829: band_gap = 1.2237 eV,gemini,exp2a_grounded_naive_retrieval_noverify,1770621698.5441742
mp-985829,formation_energy_per_atom,-1.806995168541668,mp-985829,formation_energy_per_atom,mp-985829: formation_energy_per_atom = -1.806995168541668 eV/atom,gemini,exp2a_grounded_naive_retrieval_noverify,1770621700.082825
mp-30034,band_gap,4.4707,mp-30034,band_gap,mp-30034: band_gap = 4.4707 eV,gemini,exp2a_grounded_naive_retrieval_noverify,1770621701.411958
mp-30034,formation_energy_per_atom,-1.710965791249998,mp-571442,formation_energy_per_atom,mp-30034: formation_energy_per_atom = -1.710965791249998 eV/atom,gemini,exp2a_grounded_naive_retrieval_noverify,1770621702.5411541
mp-22881,band_gap,3.5244,mp-22881,band_gap,mp-22881: band_gap = 3.5244 eV,gemini,exp2a_grounded_naive_retrieval_noverify,1770621703.872899
mp-22881,formation_energy_per_atom,3.5244,mp-22881,band_gap,mp-22881: formation_energy_per_atom = 0.031 eV/atom,gemini,exp2a_grounded_naive_retrieval_noverify,1770621705.200373
mp-32755,band_gap,1.0395,mp-32755,band_gap,mp-32755: band_gap = 1.0395 eV,gemini,exp2a_grounded_naive_retrieval_noverify,1770621706.498388
mp-32755,formation_energy_per_atom,-1.857414943749999,mp-32755,formation_energy_per_atom,mp-32755: formation_energy_per_atom = -1.857414943749999 eV/atom,gemini,exp2a_grounded_naive_retrieval_noverify,1770621707.8650749
mp-2715,band_gap,0.172299999999999,mp-2715,band_gap,mp-2715: band_gap = 0.1723 eV,gemini,exp2a_grounded_naive_retrieval_noverify,1770621709.19407
mp-2715,formation_energy_per_atom,-0.290117705833334,mp-2715,formation_energy_per_atom,mp-2715: formation_energy_per_atom = -0.290117705833334 eV/atom,gemini,exp2a_grounded_naive_retrieval_noverify,1770621710.629468
mp-504759,band_gap,0.8007000000000001,mp-582753,band_gap,mp-504759: band_gap = 0.8007 eV,gemini,exp2a_grounded_naive_retrieval_noverify,1770621712.1666481
mp-504759,formation_energy_per_atom,-2.631161137083333,mp-504759,formation_energy_per_atom,mp-504759: formation_energy_per_atom = -2.631161137083333,gemini,exp2a_grounded_naive_retrieval_noverify,1770621713.5978932
mp-1525121,band_gap,1.687399999999999,mp-1525121,band_gap,mp-1525121: band_gap = 1.6874 eV,gemini,exp2a_grounded_naive_retrieval_noverify,1770621714.8728058
mp-1525121,formation_energy_per_atom,0.0,mp-1525121,formation_energy_per_atom,mp-1525121: formation_energy_per_atom = 0.0 eV/atom,gemini,exp2a_grounded_naive_retrieval_noverify,1770621716.26269
mp-865194,band_gap,5.3798,mp-865194,band_gap,mp-865194: band_gap = 5.3798 eV,gemini,exp2a_grounded_naive_retrieval_noverify,1770621717.5934038
mp-865194,formation_energy_per_atom,-4.181989037499999,mp-865194,formation_energy_per_atom,mp-865194: formation_energy_per_atom = -4.181989037499999 eV/atom,gemini,exp2a_grounded_naive_retrieval_noverify,1770621718.925076
mp-541610,band_gap,2.597,mp-541610,band_gap,mp-541610: band_gap = 2.597 eV,gemini,exp2a_grounded_naive_retrieval_noverify,1770621720.3589828
mp-541610,formation_energy_per_atom,-0.927984858749999,mp-541610,formation_energy_per_atom,mp-541610: formation_energy_per_atom = -0.927984858749999 eV/atom,gemini,exp2a_grounded_naive_retrieval_noverify,1770621721.7934232
mp-28933,band_gap,1.7587000000000002,mp-28933,band_gap,mp-28933: band_gap = 1.7587 eV,gemini,exp2a_grounded_naive_retrieval_noverify,1770621723.02305
mp-28933,formation_energy_per_atom,-0.198695136500001,mp-28933,formation_energy_per_atom,mp-28933: formation_energy_per_atom = -0.198695136500001 eV/atom,gemini,exp2a_grounded_naive_retrieval_noverify,1770621724.4519029
mp-23205,band_gap,3.6162,mp-23205,band_gap,mp-23205: band_gap = 3.6162 eV,gemini,exp2a_grounded_naive_retrieval_noverify,1770621725.8888981
mp-23205,formation_energy_per_atom,-1.3037782916666671,mp-23205,formation_energy_per_atom,mp-23205: formation_energy_per_atom = -1.3037782916666671 eV/atom,gemini,exp2a_grounded_naive_retrieval_noverify,1770621728.1422179
mp-985831,band_gap,0.5342,mp-985831,band_gap,mp-985831: band_gap = 0.5342 eV,gemini,exp2a_grounded_naive_retrieval_noverify,1770621729.470735
mp-985831,formation_energy_per_atom,-1.564946299374999,mp-985831,formation_energy_per_atom,mp-985831: formation_energy_per_atom = -1.564946299374999 eV/atom,gemini,exp2a_grounded_naive_retrieval_noverify,1770621730.712707
mp-540829,band_gap,0.710199999999999,mp-540829,band_gap,mp-540829: band_gap = 0.710199999999999 eV,gemini,exp2a_grounded_naive_retrieval_noverify,1770621732.042996
mp-540829,formation_energy_per_atom,-1.872036438333334,mp-540829,formation_energy_per_atom,mp-540829: formation_energy_per_atom = -1.872036438333334 eV/atom,gemini,exp2a_grounded_naive_retrieval_noverify,1770621733.36129
mp-1525632,band_gap,2.8979,mp-1525632,band_gap,mp-1525632: band_gap = 2.8979 (eV),gemini,exp2a_grounded_naive_retrieval_noverify,1770621734.695015
mp-1525632,formation_energy_per_atom,0.0,mp-1525632,formation_energy_per_atom,mp-1525632: formation_energy_per_atom = 0.0 eV/atom,gemini,exp2a_grounded_naive_retrieval_noverify,1770621736.234793
mp-573815,band_gap,0.9469999999999992,mp-573815,band_gap,mp-573815: band_gap = 0.947 eV,gemini,exp2a_grounded_naive_retrieval_noverify,1770621737.562179
mp-573815,formation_energy_per_atom,0.0,mp-19,formation_energy_per_atom,mp-573815: formation_energy_per_atom = 0.0 eV/atom,gemini,exp2a_grounded_naive_retrieval_noverify,1770621738.9929721
mp-607450,band_gap,2.8624,mp-23185,band_gap,mp-607450: band_gap = 2.8624 eV,gemini,exp2a_grounded_naive_retrieval_noverify,1770621740.1225972
mp-607450,formation_energy_per_atom,-0.235972947500002,mp-607450,formation_energy_per_atom,mp-607450: formation_energy_per_atom = -0.235972947500002 eV/atom,gemini,exp2a_grounded_naive_retrieval_noverify,1770621741.45171
mp-23162,band_gap,1.0479,mp-23162,band_gap,mp-23162: band_gap = 1.0479 eV,gemini,exp2a_grounded_naive_retrieval_noverify,1770621742.89073
mp-23162,formation_energy_per_atom,-1.87860569,mp-23162,formation_energy_per_atom,mp-23162: formation_energy_per_atom = -1.87860569 eV/atom,gemini,exp2a_grounded_naive_retrieval_noverify,1770621744.115388
mp-2402,band_gap,1.1286,mp-2402,band_gap,mp-2402: band_gap = 1.1286 eV,gemini,exp2a_grounded_naive_retrieval_noverify,1770621745.3453991
mp-2402,formation_energy_per_atom,-0.069361268125,mp-2402,formation_energy_per_atom,mp-2402: formation_energy_per_atom = -0.069361268125 eV/atom,gemini,exp2a_grounded_naive_retrieval_noverify,1770621746.580545
mp-9922,band_gap,1.1326,mp-9922,band_gap,mp-9922: band_gap = 1.1326 eV,gemini,exp2a_grounded_naive_retrieval_noverify,1770621747.854273
mp-9922,formation_energy_per_atom,-1.373804485859373,mp-9922,formation_energy_per_atom,mp-9922: formation_energy_per_atom = -1.373804485859373 eV/atom,gemini,exp2a_grounded_naive_retrieval_noverify,1770621749.235399
mp-1545216,band_gap,0.638899999999999,mp-29711,band_gap,mp-1545216: band_gap = 0.6389 eV,gemini,exp2a_grounded_naive_retrieval_noverify,1770621750.669773
mp-1545216,formation_energy_per_atom,-0.907728662126436,mp-1545216,formation_energy_per_atom,mp-1545216: formation_energy_per_atom = -0.907728662126436 eV/atom,gemini,exp2a_grounded_naive_retrieval_noverify,1770621752.002819
mp-1968,band_gap,3.824799999999999,mp-1968,band_gap,mp-1968: band_gap = 3.8248 eV,gemini,exp2a_grounded_naive_retrieval_noverify,1770621753.645437
mp-1968,formation_energy_per_atom,-3.8759289195,mp-1968,formation_energy_per_atom,mp-1968: formation_energy_per_atom = -3.8759289195 eV/atom,gemini,exp2a_grounded_naive_retrieval_noverify,1770621754.8897128
mp-29711,band_gap,0.638899999999999,mp-29711,band_gap,mp-29711: band_gap = 0.6389 eV,gemini,exp2a_grounded_naive_retrieval_noverify,1770621756.3024058
mp-29711,formation_energy_per_atom,-0.444227307333335,mp-29711,formation_energy_per_atom,mp-29711: formation_energy_per_atom = -0.444227307333335 eV/atom,gemini,exp2a_grounded_naive_retrieval_noverify,1770621757.835295
mp-2133,band_gap,0.7227,mp-2133,band_gap,mp-2133: band_gap = 0.7227 eV,gemini,exp2a_grounded_naive_retrieval_noverify,1770621759.066967
mp-2133,formation_energy_per_atom,-1.7908991124999991,mp-2133,formation_energy_per_atom,mp-2133: formation_energy_per_atom = -1.7908991124999991 eV/atom,gemini,exp2a_grounded_naive_retrieval_noverify,1770621760.500983
mp-1185959,band_gap,1.133699999999999,mp-1185959,band_gap,mp-1185959: band_gap = 1.133699999999999 eV,gemini,exp2a_grounded_naive_retrieval_noverify,1770621761.934488
mp-1185959,formation_energy_per_atom,-0.5725928316666651,mp-15954,formation_energy_per_atom,mp-1185959: formation_energy_per_atom = -0.5725928316666651 eV/atom,gemini,exp2a_grounded_naive_retrieval_noverify,1770621763.263912
mp-985278,band_gap,6.0693,mp-985278,band_gap,mp-985278: band_gap = 6.0693 eV,gemini,exp2a_grounded_naive_retrieval_noverify,1770621764.9036422
mp-985278,formation_energy_per_atom,-4.467987469375,mp-985278,formation_energy_per_atom,mp-985278: formation_energy_per_atom = -4.467987469375 eV/atom,gemini,exp2a_grounded_naive_retrieval_noverify,1770621766.133567
mp-23710,band_gap,3.709699999999999,mp-23710,band_gap,mp-23710: band_gap = 3.7097 eV,gemini,exp2a_grounded_naive_retrieval_noverify,1770621767.373594
mp-23710,formation_energy_per_atom,-0.2827190725,mp-23710,formation_energy_per_atom,mp-23710: formation_energy_per_atom = -0.2827190725 eV/atom,gemini,exp2a_grounded_naive_retrieval_noverify,1770621768.693928
mp-341,band_gap,1.9022,mp-341,band_gap,mp-341: band_gap = 1.9022 eV,gemini,exp2a_grounded_naive_retrieval_noverify,1770621770.2289112
mp-341,formation_energy_per_atom,-1.291011926666667,mp-22909,formation_energy_per_atom,mp-341: formation_energy_per_atom = -1.291011926666667 (eV/atom),gemini,exp2a_grounded_naive_retrieval_noverify,1770621771.353489
mp-32800,band_gap,2.2962,mp-32800,band_gap,mp-32800: band_gap = 2.2962 eV,gemini,exp2a_grounded_naive_retrieval_noverify,1770621772.687107
mp-32800,formation_energy_per_atom,-2.4930635934375,mp-32800,formation_energy_per_atom,mp-32800: formation_energy_per_atom = -2.4930635934375 eV/atom,gemini,exp2a_grounded_naive_retrieval_noverify,1770621774.0174751
mp-685014,band_gap,2.0644,mp-685014,band_gap,mp-685014: band_gap = 2.0644 eV,gemini,exp2a_grounded_naive_retrieval_noverify,1770621775.24493
mp-685014,formation_energy_per_atom,-1.068962764541666,mp-685014,formation_energy_per_atom,mp-685014: formation_energy_per_atom = -1.068962764541666 (eV/atom),gemini,exp2a_grounded_naive_retrieval_noverify,1770621776.989221
mp-559798,band_gap,4.9116,mp-559798,band_gap,mp-559798: band_gap = 4.9116 eV,gemini,exp2a_grounded_naive_retrieval_noverify,1770621778.421609
mp-559798,formation_energy_per_atom,-2.23065729,mp-559798,formation_energy_per_atom,mp-559798: formation_energy_per_atom = -2.23065729 eV/atom,gemini,exp2a_grounded_naive_retrieval_noverify,1770621779.855595
mp-1080821,band_gap,0.7896000000000001,mp-1080821,band_gap,mp-1080821: band_gap = 0.7896 eV,gemini,exp2a_grounded_naive_retrieval_noverify,1770621781.08433
mp-1080821,formation_energy_per_atom,-3.19318655375,mp-1080821,formation_energy_per_atom,mp-1080821: formation_energy_per_atom = -3.19318655375 eV/atom,gemini,exp2a_grounded_naive_retrieval_noverify,1770621782.5174441
mp-540625,band_gap,1.7063,mp-540625,band_gap,mp-540625: band_gap = 1.7063 eV,gemini,exp2a_grounded_naive_retrieval_noverify,1770621784.153229
mp-540625,formation_energy_per_atom,-0.5793224153125001,mp-540625,formation_energy_per_atom,mp-540625: formation_energy_per_atom = -0.5793224153125001 eV/atom,gemini,exp2a_grounded_naive_retrieval_noverify,1770621786.0926578
mp-1025442,band_gap,1.3846999999999992,mp-1025442,band_gap,mp-1025442: band_gap = 1.3847 eV,gemini,exp2a_grounded_naive_retrieval_noverify,1770621787.312869
mp-1025442,formation_energy_per_atom,-0.44096969,mp-1025442,formation_energy_per_atom,mp-1025442: formation_energy_per_atom = -0.44096969 eV/atom,gemini,exp2a_grounded_naive_retrieval_noverify,1770621788.659839
mp-556911,band_gap,1.6921,mp-556911,band_gap,mp-556911: band_gap = 1.6921 eV,gemini,exp2a_grounded_naive_retrieval_noverify,1770621790.096388
mp-556911,formation_energy_per_atom,-1.474296713671875,mp-1018040,formation_energy_per_atom,mp-556911: formation_energy_per_atom = -1.474296713671875 eV/atom,gemini,exp2a_grounded_naive_retrieval_noverify,1770621791.6362638
mp-23263,band_gap,-2.423042803749999,mp-23263,formation_energy_per_atom,mp-23263: band_gap = None,gemini,exp2a_grounded_naive_retrieval_noverify,1770621793.081002
mp-23263,formation_energy_per_atom,-2.423042803749999,mp-23263,formation_energy_per_atom,mp-23263: formation_energy_per_atom = -2.423042803749999 eV/atom,gemini,exp2a_grounded_naive_retrieval_noverify,1770621794.505118
mp-16911,band_gap,1.9539,mp-16911,band_gap,mp-16911: band_gap = 1.9539 eV,gemini,exp2a_grounded_naive_retrieval_noverify,1770621795.765959
mp-16911,formation_energy_per_atom,-2.204479133333331,mp-2697,formation_energy_per_atom,mp-16911: formation_energy_per_atom = -2.204479133333331 (eV/atom),gemini,exp2a_grounded_naive_retrieval_noverify,1770621797.061214
mp-1705,band_gap,-1.74803409,mp-1705,formation_energy_per_atom,mp-1705: band_gap = The band gap of mp-1705 is not available in the provided tool result.,gemini,exp2a_grounded_naive_retrieval_noverify,1770621798.392977
mp-1705,formation_energy_per_atom,-1.74803409,mp-1705,formation_energy_per_atom,mp-1705: formation_energy_per_atom = -1.74803409 eV/atom,gemini,exp2a_grounded_naive_retrieval_noverify,1770621799.728981
mp-561197,band_gap,5.5366,mp-561197,band_gap,mp-561197: band_gap = 5.5366 eV,gemini,exp2a_grounded_naive_retrieval_noverify,1770621801.0524101
mp-561197,formation_energy_per_atom,-3.404466658305554,mp-561197,formation_energy_per_atom,mp-561197: formation_energy_per_atom = -3.404466658305554 eV/atom,gemini,exp2a_grounded_naive_retrieval_noverify,1770621802.588686
mp-23183,band_gap,4.299799999999999,mp-23183,band_gap,mp-23183: band_gap = 4.3 eV,gemini,exp2a_grounded_naive_retrieval_noverify,1770621803.857934
mp-23183,formation_energy_per_atom,-0.265866406249999,mp-27725,formation_energy_per_atom,mp-23183: formation_energy_per_atom = -0.265866406249999 eV/atom,gemini,exp2a_grounded_naive_retrieval_noverify,1770621805.005395
mp-23280,band_gap,3.9873,mp-23280,band_gap,mp-23280: band_gap = 3.9873 eV,gemini,exp2a_grounded_naive_retrieval_noverify,1770621806.378453
mp-23280,formation_energy_per_atom,-0.755685861249999,mp-23280,formation_energy_per_atom,mp-23280: formation_energy_per_atom = -0.755685861249999 eV/atom,gemini,exp2a_grounded_naive_retrieval_noverify,1770621807.6856132
mp-1524462,band_gap,2.7061,mp-1524462,band_gap,mp-1524462: band_gap = 2.7061 eV,gemini,exp2a_grounded_naive_retrieval_noverify,1770621809.0369458
mp-1524462,formation_energy_per_atom,0.0,mp-1524462,formation_energy_per_atom,mp-1524462: formation_energy_per_atom = 0.0 eV/atom,gemini,exp2a_grounded_naive_retrieval_noverify,1770621810.369416
mp-706630,band_gap,0.3388,mp-34202,band_gap,mp-706630: band_gap = 0.3388 eV,gemini,exp2a_grounded_naive_retrieval_noverify,1770621811.7013938
mp-706630,formation_energy_per_atom,-0.095264628645833,mp-706630,formation_energy_per_atom,mp-706630: formation_energy_per_atom = -0.095264628645833 (eV/atom),gemini,exp2a_grounded_naive_retrieval_noverify,1770621812.947998
mp-541837,band_gap,0.3769,mp-541837,band_gap,mp-541837: band_gap = 0.3769 eV,gemini,exp2a_grounded_naive_retrieval_noverify,1770621814.365512
mp-541837,formation_energy_per_atom,-0.434076935437502,mp-541837,formation_energy_per_atom,mp-541837: formation_energy_per_atom = -0.434076935437502 eV/atom,gemini,exp2a_grounded_naive_retrieval_noverify,1770621815.794716
mp-1819,band_gap,2.028799999999999,mp-1819,band_gap,mp-1819: band_gap = 2.0288 eV,gemini,exp2a_grounded_naive_retrieval_noverify,1770621817.4352179
mp-1819,formation_energy_per_atom,-1.839006646249989,mp-1819,formation_energy_per_atom,mp-1819: formation_energy_per_atom = -1.839006646249989 eV/atom,gemini,exp2a_grounded_naive_retrieval_noverify,1770621818.768428
mp-7988,band_gap,0.583199999999999,mp-7988,band_gap,mp-7988: band_gap = 0.583199999999999 eV,gemini,exp2a_grounded_naive_retrieval_noverify,1770621820.304908
mp-7988,formation_energy_per_atom,-1.180246544770117,mp-7988,formation_energy_per_atom,mp-7988: formation_energy_per_atom = -1.180246544770117 eV/atom,gemini,exp2a_grounded_naive_retrieval_noverify,1770621822.2484841
mp-2049132,band_gap,0.216299999999999,mp-2049132,band_gap,mp-2049132: band_gap = 0.2163 eV,gemini,exp2a_grounded_naive_retrieval_noverify,1770621823.6819851
mp-2049132,formation_energy_per_atom,-0.298604841000002,mp-2049132,formation_energy_per_atom,mp-2049132: formation_energy_per_atom = -0.298604841000002 eV/atom,gemini,exp2a_grounded_naive_retrieval_noverify,1770621825.216903
mp-7943,band_gap,0.3285,mp-7943,band_gap,mp-7943: band_gap = 0.3285 eV,gemini,exp2a_grounded_naive_retrieval_noverify,1770621826.419935
mp-7943,formation_energy_per_atom,-0.588209097083334,mp-7943,formation_energy_per_atom,mp-7943: formation_energy_per_atom = -0.588209097083334 eV/atom,gemini,exp2a_grounded_naive_retrieval_noverify,1770621827.780782
mp-30792,band_gap,0.1566,mp-30792,band_gap,mp-30792: band_gap = 0.1566 eV,gemini,exp2a_grounded_naive_retrieval_noverify,1770621829.004502
mp-30792,formation_energy_per_atom,-0.269950954999998,mp-30792,formation_energy_per_atom,mp-30792: formation_energy_per_atom = -0.27 eV/atom,gemini,exp2a_grounded_naive_retrieval_noverify,1770621830.237217
mp-352,band_gap,4.0165,mp-352,band_gap,mp-352: band_gap = 4.0165 eV,gemini,exp2a_grounded_naive_retrieval_noverify,1770621831.298867
mp-352,formation_energy_per_atom,-4.019811040833332,mp-352,formation_energy_per_atom,mp-352: formation_energy_per_atom = -4.019811040833332 eV/atom,gemini,exp2a_grounded_naive_retrieval_noverify,1770621832.505237
mp-15954,band_gap,0.2625,mp-15954,band_gap,mp-15954: band_gap = 0.2625 eV,gemini,exp2a_grounded_naive_retrieval_noverify,1770621833.85845
mp-15954,formation_energy_per_atom,-0.5725928316666651,mp-15954,formation_energy_per_atom,mp-15954: formation_energy_per_atom = -0.5725928316666651 eV/atom,gemini,exp2a_grounded_naive_retrieval_noverify,1770621835.292428
mp-23165,band_gap,0.8929,mp-23165,band_gap,mp-23165: band_gap = 0.8929 eV,gemini,exp2a_grounded_naive_retrieval_noverify,1770621836.6235871
mp-23165,formation_energy_per_atom,-0.6577550981249981,mp-23165,formation_energy_per_atom,mp-23165: formation_energy_per_atom = -0.6577550981249981 eV/atom,gemini,exp2a_grounded_naive_retrieval_noverify,1770621837.955212
mp-2251,band_gap,0.984,mp-2251,band_gap,mp-2251: band_gap = 0.984 eV,gemini,exp2a_grounded_naive_retrieval_noverify,1770621839.286256
mp-2251,formation_energy_per_atom,-0.4825014221875,mp-2251,formation_energy_per_atom,mp-2251: formation_energy_per_atom = -0.4825014221875 eV/atom,gemini,exp2a_grounded_naive_retrieval_noverify,1770621840.616595
mp-181,band_gap,0.216299999999999,mp-181,band_gap,mp-181: band_gap = 0.2163 eV,gemini,exp2a_grounded_naive_retrieval_noverify,1770621841.882976
mp-181,formation_energy_per_atom,-0.1726160249375,mp-181,formation_energy_per_atom,mp-181: formation_energy_per_atom = -0.1726160249375 eV/atom,gemini,exp2a_grounded_naive_retrieval_noverify,1770621843.174668
mp-2340,band_gap,1.7361,mp-2340,band_gap,mp-2340: band_gap = 1.7361 eV,gemini,exp2a_grounded_naive_retrieval_noverify,1770621844.710748
mp-2340,formation_energy_per_atom,-1.2980963948563211,mp-2340,formation_energy_per_atom,mp-2340: formation_energy_per_atom = -1.2980963948563211 eV/atom,gemini,exp2a_grounded_naive_retrieval_noverify,1770621846.045343
mp-1443,band_gap,3.1684,mp-1443,band_gap,mp-1443: band_gap = 3.1684 eV,gemini,exp2a_grounded_naive_retrieval_noverify,1770621847.5785768
mp-1443,formation_energy_per_atom,-2.537928646818182,mp-1443,formation_energy_per_atom,mp-1443: formation_energy_per_atom = -2.537928646818182 eV/atom,gemini,exp2a_grounded_naive_retrieval_noverify,1770621849.0142632
mp-2697,band_gap,2.8495,mp-2697,band_gap,mp-2697: band_gap = 2.8495 eV,gemini,exp2a_grounded_naive_retrieval_noverify,1770621850.551751
mp-2697,formation_energy_per_atom,-2.204479133333331,mp-2697,formation_energy_per_atom,mp-2697: formation_energy_per_atom = -2.204479133333331 eV/atom,gemini,exp2a_grounded_naive_retrieval_noverify,1770621852.1917021
mp-680463,band_gap,0.391399999999999,mp-680463,band_gap,mp-680463: band_gap = 0.3914 eV,gemini,exp2a_grounded_naive_retrieval_noverify,1770621853.619231
mp-680463,formation_energy_per_atom,-0.157726345384613,mp-680463,formation_energy_per_atom,mp-680463: formation_energy_per_atom = -0.157726345384613 eV/atom,gemini,exp2a_grounded_naive_retrieval_noverify,1770621855.053524
mp-542810,band_gap,1.9674,mp-542810,band_gap,mp-542810: band_gap = 1.9674 eV,gemini,exp2a_grounded_naive_retrieval_noverify,1770621856.315188
mp-542810,formation_energy_per_atom,-0.159580558906249,mp-542810,formation_energy_per_atom,mp-542810: formation_energy_per_atom = -0.159580558906249 eV/atom,gemini,exp2a_grounded_naive_retrieval_noverify,1770621857.706133
mp-971787,band_gap,-1.208906696666668,mp-971787,formation_energy_per_atom,mp-971787: band_gap = 3.1515,gemini,exp2a_grounded_naive_retrieval_noverify,1770621859.149123
mp-971787,formation_energy_per_atom,-1.208906696666668,mp-971787,formation_energy_per_atom,mp-971787: formation_energy_per_atom = -1.208906696666668 eV/atom,gemini,exp2a_grounded_naive_retrieval_noverify,1770621860.586517
mp-1105,band_gap,2.2352,mp-1105,band_gap,mp-1105: band_gap = 2.2352 eV,gemini,exp2a_grounded_naive_retrieval_noverify,1770621862.019913
mp-1105,formation_energy_per_atom,-2.170192663333334,mp-1105,formation_energy_per_atom,mp-1105: formation_energy_per_atom = -2.170192663333334 eV/atom,gemini,exp2a_grounded_naive_retrieval_noverify,1770621863.3482518
