run_id,setting,task,material_id,template_id,query,gt_value,raw_output,pred_value,refusal,parse_fail,label,latency_s,ts,error_type,notes
20251224_103747,A_no_tool,formation_energy_per_atom,mp-556516,1,Give the formation energy per atom of mp-556516 in eV/atom. No extra text.,-0.505116372129634,3.75,3.75,False,False,wrong_value,0.5108258724212646,1766541833.706551,wrong_value_other,
20251224_103747,A_no_tool,formation_energy_per_atom,mp-865194,2,Provide formation_energy_per_atom for mp-865194 (unit: eV/atom). Only the number.,-4.181989037499999,5.965194,5.965194,False,False,wrong_value,0.7045567035675049,1766541886.3714,wrong_value_other,
20251224_103747,A_no_tool,formation_energy_per_atom,mp-1232276,1,Give the formation energy per atom of mp-1232276 in eV/atom. No extra text.,-2.021422001041666,3.95,3.95,False,False,wrong_value,0.7150368690490723,1766541785.5752609,wrong_value_other,
20251224_103747,A_no_tool,formation_energy_per_atom,mp-23261,2,Provide formation_energy_per_atom for mp-23261 (unit: eV/atom). Only the number.,-0.7564620653571411,5.515,5.515,False,False,wrong_value,0.8168399333953857,1766541809.844862,wrong_value_other,
20251224_103747,A_no_tool,formation_energy_per_atom,mp-27358,2,Provide formation_energy_per_atom for mp-27358 (unit: eV/atom). Only the number.,-1.022062649955356,5.515,5.515,False,False,wrong_value,0.7159206867218018,1766541872.722687,wrong_value_other,
20251224_103747,A_no_tool,formation_energy_per_atom,mp-1443,2,Provide formation_energy_per_atom for mp-1443 (unit: eV/atom). Only the number.,-2.537928646818182,5.5166,5.5166,False,False,wrong_value,0.5174140930175781,1766541919.3826811,wrong_value_other,
20251224_103747,A_no_tool,formation_energy_per_atom,mp-573812,2,Provide formation_energy_per_atom for mp-573812 (unit: eV/atom). Only the number.,-0.28239570742611,5.93555,5.93555,False,False,wrong_value,0.8131937980651855,1766541853.571687,wrong_value_other,
20251224_103747,A_no_tool,formation_energy_per_atom,mp-1968,2,Provide formation_energy_per_atom for mp-1968 (unit: eV/atom). Only the number.,-3.8759289195,4.71555,4.71555,False,False,wrong_value,0.6947548389434814,1766541895.250666,wrong_value_other,
20251224_103747,A_no_tool,formation_energy_per_atom,mp-15954,1,Give the formation energy per atom of mp-15954 in eV/atom. No extra text.,-0.5725928316666651,0.045,0.045,False,False,wrong_value,0.5117833614349365,1766541915.8360589,wrong_value_other,
20251224_103747,A_no_tool,band_gap,mp-1100,0,What is the band gap (eV) of material mp-1100? Answer with a single number.,1.0375,1.1,1.1,False,False,wrong_value,0.518975019454956,1766541714.71905,wrong_value_other,
20251224_103747,A_no_tool,band_gap,mp-1105,0,What is the band gap (eV) of material mp-1105? Answer with a single number.,2.2352,1.1,1.1,False,False,wrong_value,0.7153348922729492,1766541780.353175,wrong_value_other,
20251224_103747,A_no_tool,formation_energy_per_atom,mp-1205121,2,Provide formation_energy_per_atom for mp-1205121 (unit: eV/atom). Only the number.,-0.510760389375001,5.965555555555555,5.965555555555555,False,False,wrong_value,0.928745985031128,1766541800.115934,wrong_value_other,
20251224_103747,A_no_tool,band_gap,mp-504759,2,Provide the band gap for mp-504759 (unit: eV). Only the number.,0.9911,1.75,1.75,False,False,wrong_value,0.4663691520690918,1766541741.7040908,wrong_value_other,
20251224_103747,A_no_tool,formation_energy_per_atom,mp-32755,0,What is the formation energy per atom (eV/atom) of material mp-32755? Answer with a single number.,-1.857414943749999,0.04,0.04,False,False,wrong_value,0.7418270111083984,1766541883.45902,wrong_value_other,
20251224_103747,A_no_tool,formation_energy_per_atom,mp-23205,2,Provide formation_energy_per_atom for mp-23205 (unit: eV/atom). Only the number.,-1.3037782916666671,5.586,5.586,False,False,wrong_value,0.5095629692077637,1766541888.379015,wrong_value_other,
20251224_103747,A_no_tool,formation_energy_per_atom,mp-542810,1,Give the formation energy per atom of mp-542810 in eV/atom. No extra text.,-0.159580558906249,0.045,0.045,False,False,wrong_value,0.8166377544403076,1766541921.568348,wrong_value_other,
20251224_103747,A_no_tool,band_gap,mp-23165,2,Provide the band gap for mp-23165 (unit: eV). Only the number.,0.8929,1.75,1.75,False,False,wrong_value,0.9204158782958984,1766541774.208606,wrong_value_other,
20251224_103747,A_no_tool,formation_energy_per_atom,mp-2251,2,Provide formation_energy_per_atom for mp-2251 (unit: eV/atom). Only the number.,-0.4825014221875,5.566666666666666,5.566666666666666,False,False,wrong_value,0.8191649913787842,1766541917.57559,wrong_value_other,
20251224_103747,A_no_tool,band_gap,mp-542812,2,Provide the band gap for mp-542812 (unit: eV). Only the number.,1.0066,2.1,2.1,False,False,wrong_value,0.6124691963195801,1766541700.375352,wrong_value_other,
20251224_103747,A_no_tool,formation_energy_per_atom,mp-1080821,2,Provide formation_energy_per_atom for mp-1080821 (unit: eV/atom). Only the number.,-3.19318655375,5.516655,5.516655,False,False,wrong_value,0.6156160831451416,1766541902.522814,wrong_value_other,
20251224_103747,A_no_tool,formation_energy_per_atom,mp-22909,1,Give the formation energy per atom of mp-22909 in eV/atom. No extra text.,-1.291011926666667,3.75,3.75,False,False,wrong_value,0.9203908443450928,1766541833.194902,wrong_value_other,
20251224_103747,A_no_tool,formation_energy_per_atom,mp-570437,2,Provide formation_energy_per_atom for mp-570437 (unit: eV/atom). Only the number.,-0.827083558444443,5.78555,5.78555,False,False,wrong_value,0.805150032043457,1766541872.005857,wrong_value_other,
20251224_103747,A_no_tool,formation_energy_per_atom,mp-559798,2,Provide formation_energy_per_atom for mp-559798 (unit: eV/atom). Only the number.,-2.23065729,5.59798,5.59798,False,False,wrong_value,0.612246036529541,1766541901.906337,wrong_value_other,
20251224_103747,A_no_tool,formation_energy_per_atom,mp-541610,0,What is the formation energy per atom (eV/atom) of material mp-541610? Answer with a single number.,-0.927984858749999,0.04,0.04,False,False,wrong_value,0.6860768795013428,1766541887.058191,wrong_value_other,
20251224_103747,A_no_tool,formation_energy_per_atom,mp-27971,2,Provide formation_energy_per_atom for mp-27971 (unit: eV/atom). Only the number.,-2.788094297499999,5.5135,5.5135,False,False,wrong_value,0.7159559726715088,1766541832.273589,wrong_value_other,
20251224_103747,A_no_tool,band_gap,mp-27148,2,Provide the band gap for mp-27148 (unit: eV). Only the number.,0.836199999999999,1.71,1.71,False,False,wrong_value,0.920830011367798,1766541660.642965,wrong_value_other,
20251224_103747,A_no_tool,formation_energy_per_atom,mp-1204356,2,Provide formation_energy_per_atom for mp-1204356 (unit: eV/atom). Only the number.,-0.305946444868422,5.566555555555556,5.566555555555556,False,False,wrong_value,0.7171158790588379,1766541824.285283,wrong_value_other,
20251224_103747,A_no_tool,formation_energy_per_atom,mp-1195,2,Provide formation_energy_per_atom for mp-1195 (unit: eV/atom). Only the number.,-0.50608046735294,5.535,5.535,False,False,wrong_value,0.5959649085998535,1766541797.7349708,wrong_value_other,
20251224_103747,A_no_tool,formation_energy_per_atom,mp-1201,2,Provide formation_energy_per_atom for mp-1201 (unit: eV/atom). Only the number.,-0.383199846000002,5.516666666666667,5.516666666666667,False,False,wrong_value,0.7287311553955078,1766541871.199967,wrong_value_other,
20251224_103747,A_no_tool,formation_energy_per_atom,mp-23162,2,Provide formation_energy_per_atom for mp-23162 (unit: eV/atom). Only the number.,-1.87860569,5.585,5.585,False,False,wrong_value,0.7128677368164062,1766541892.38389,wrong_value_other,
20251224_103747,A_no_tool,band_gap,mp-19,1,Give the band gap of mp-19 in eV. No extra text.,0.1856,1.9,1.9,False,False,wrong_value,0.7175788879394531,1766541735.5005472,wrong_value_other,
20251224_103747,A_no_tool,band_gap,mp-985829,1,Give the band gap of mp-985829 in eV. No extra text.,1.2237,1.75,1.75,False,False,wrong_value,0.8198537826538086,1766541738.574035,wrong_value_other,
20251224_103747,A_no_tool,band_gap,mp-23265,2,Provide the band gap for mp-23265 (unit: eV). Only the number.,2.0054,1.75,1.75,False,False,wrong_value,0.6123960018157959,1766541699.761706,wrong_value_other,
20251224_103747,A_no_tool,formation_energy_per_atom,mp-23185,2,Provide formation_energy_per_atom for mp-23185 (unit: eV/atom). Only the number.,-0.857616325999999,5.5155,5.5155,False,False,wrong_value,0.6154389381408691,1766541790.2865658,wrong_value_other,
20251224_103747,A_no_tool,formation_energy_per_atom,mp-23155,1,Give the formation energy per atom of mp-23155 in eV/atom. No extra text.,0.0,3.75,3.75,False,False,wrong_value,0.8147521018981934,1766541818.754863,wrong_value_other,
20251224_103747,A_no_tool,formation_energy_per_atom,mp-1391848,1,Give the formation energy per atom of mp-1391848 in eV/atom. No extra text.,-2.063723397142856,3.58,3.58,False,False,wrong_value,0.6262280941009521,1766541827.679732,wrong_value_other,
20251224_103747,A_no_tool,formation_energy_per_atom,mp-573815,2,Provide formation_energy_per_atom for mp-573815 (unit: eV/atom). Only the number.,-0.348767611458335,5.73815,5.73815,False,False,wrong_value,0.700875997543335,1766541891.039089,wrong_value_other,
20251224_103747,A_no_tool,formation_energy_per_atom,mp-680422,2,Provide formation_energy_per_atom for mp-680422 (unit: eV/atom). Only the number.,-0.215968716874999,5.7165,5.7165,False,False,wrong_value,0.7040576934814453,1766541855.812626,wrong_value_other,
20251224_103747,A_no_tool,formation_energy_per_atom,mp-30034,1,Give the formation energy per atom of mp-30034 in eV/atom. No extra text.,-1.853706801666665,3.45,3.45,False,False,wrong_value,0.7133021354675293,1766541881.835263,wrong_value_other,
20251224_103747,A_no_tool,formation_energy_per_atom,mp-995393,2,Provide formation_energy_per_atom for mp-995393 (unit: eV/atom). Only the number.,-0.612184769666665,5.51355,5.51355,False,False,wrong_value,0.7181518077850342,1766541839.339756,wrong_value_other,
20251224_103747,A_no_tool,band_gap,mp-1213622,1,Give the band gap of mp-1213622 in eV. No extra text.,0.5263,0.7,0.7,False,False,wrong_value,1.0227251052856443,1766541642.6201012,wrong_value_other,
20251224_103747,A_no_tool,formation_energy_per_atom,mp-647579,2,Provide formation_energy_per_atom for mp-647579 (unit: eV/atom). Only the number.,-1.267659339375001,5.535,5.535,False,False,wrong_value,0.652174711227417,1766541819.986056,wrong_value_other,
20251224_103747,A_no_tool,formation_energy_per_atom,mp-9851,0,What is the formation energy per atom (eV/atom) of material mp-9851? Answer with a single number.,-0.630045229146825,0.045,0.045,False,False,wrong_value,0.8162600994110107,1766541781.888413,wrong_value_other,
20251224_103747,A_no_tool,formation_energy_per_atom,mp-9852,2,Provide formation_energy_per_atom for mp-9852 (unit: eV/atom). Only the number.,-0.616732226646824,5.51555,5.51555,False,False,wrong_value,0.6235401630401611,1766541795.724328,wrong_value_other,
20251224_103747,A_no_tool,band_gap,mp-23710,2,Provide the band gap for mp-23710 (unit: eV). Only the number.,3.709699999999999,1.73,1.73,False,False,wrong_value,0.7120358943939209,1766541756.496116,wrong_value_other,
20251224_103747,A_no_tool,band_gap,mp-23183,2,Provide the band gap for mp-23183 (unit: eV). Only the number.,4.299799999999999,1.73,1.73,False,False,wrong_value,0.6332831382751465,1766541765.987145,wrong_value_other,
20251224_103747,A_no_tool,formation_energy_per_atom,mp-23280,1,Give the formation energy per atom of mp-23280 in eV/atom. No extra text.,-0.755685861249999,3.75,3.75,False,False,wrong_value,0.6375319957733154,1766541908.6886752,wrong_value_other,
20251224_103747,A_no_tool,formation_energy_per_atom,mp-542812,1,Give the formation energy per atom of mp-542812 in eV/atom. No extra text.,-0.442993200833332,0.035,0.035,False,False,wrong_value,0.8171987533569336,1766541843.229408,wrong_value_other,
20251224_103747,A_no_tool,formation_energy_per_atom,mp-540922,1,Give the formation energy per atom of mp-540922 in eV/atom. No extra text.,-0.450521733124998,3.75,3.75,False,False,wrong_value,0.6546697616577148,1766541829.609462,wrong_value_other,
20251224_103747,A_no_tool,formation_energy_per_atom,mp-29179,1,Give the formation energy per atom of mp-29179 in eV/atom. No extra text.,-1.055039141666666,3.75,3.75,False,False,wrong_value,0.7406013011932373,1766541799.1860049,wrong_value_other,
20251224_103747,A_no_tool,band_gap,mp-27358,2,Provide the band gap for mp-27358 (unit: eV). Only the number.,2.9034,1.53,1.53,False,False,wrong_value,0.6355969905853271,1766541728.968909,wrong_value_other,
20251224_103747,A_no_tool,formation_energy_per_atom,mp-28933,0,What is the formation energy per atom (eV/atom) of material mp-28933? Answer with a single number.,-0.198695136500001,0.045,0.045,False,False,wrong_value,0.8099830150604248,1766541887.868903,wrong_value_other,
20251224_103747,A_no_tool,formation_energy_per_atom,mp-571518,2,Provide formation_energy_per_atom for mp-571518 (unit: eV/atom). Only the number.,-0.946381717857144,5.5835,5.5835,False,False,wrong_value,0.818479061126709,1766541795.100162,wrong_value_other,
20251224_103747,A_no_tool,band_gap,mp-1545216,2,Provide the band gap for mp-1545216 (unit: eV). Only the number.,0.4836,1.75,1.75,False,False,wrong_value,0.8181581497192383,1766541751.9864142,wrong_value_other,
20251224_103747,A_no_tool,formation_energy_per_atom,mp-1863,1,Give the formation energy per atom of mp-1863 in eV/atom. No extra text.,-0.119684392083333,3.75,3.75,False,False,wrong_value,0.7160048484802246,1766541850.602815,wrong_value_other,
20251224_103747,A_no_tool,formation_energy_per_atom,mp-743,2,Provide formation_energy_per_atom for mp-743 (unit: eV/atom). Only the number.,-0.140204309375,5.5665,5.5665,False,False,wrong_value,0.6444721221923828,1766541846.3492842,wrong_value_other,
20251224_103747,A_no_tool,formation_energy_per_atom,mp-22885,2,Provide formation_energy_per_atom for mp-22885 (unit: eV/atom). Only the number.,-0.7818107566666681,5.51865,5.51865,False,False,wrong_value,0.5400302410125732,1766541879.3043132,wrong_value_other,
20251224_103747,A_no_tool,formation_energy_per_atom,mp-1545417,1,Give the formation energy per atom of mp-1545417 in eV/atom. No extra text.,-1.718154452499998,3.75,3.75,False,False,wrong_value,0.609907865524292,1766541802.166311,wrong_value_other,
20251224_103747,A_no_tool,formation_energy_per_atom,mp-30140,2,Provide formation_energy_per_atom for mp-30140 (unit: eV/atom). Only the number.,-0.836349655000001,4.766666666666667,4.766666666666667,False,False,wrong_value,0.818681001663208,1766541784.859413,wrong_value_other,
20251224_103747,A_no_tool,formation_energy_per_atom,mp-1683,2,Provide formation_energy_per_atom for mp-1683 (unit: eV/atom). Only the number.,-1.236771233046873,5.33566,5.33566,False,False,wrong_value,0.8333168029785156,1766541856.6465778,wrong_value_other,
20251224_103747,A_no_tool,formation_energy_per_atom,mp-7943,1,Give the formation energy per atom of mp-7943 in eV/atom. No extra text.,-0.588209097083334,0.035,0.035,False,False,wrong_value,0.7178151607513428,1766541913.890943,wrong_value_other,
20251224_103747,A_no_tool,formation_energy_per_atom,mp-568263,1,Give the formation energy per atom of mp-568263 in eV/atom. No extra text.,-0.69001870828125,3.58,3.58,False,False,wrong_value,0.5444736480712891,1766541873.985963,wrong_value_other,
20251224_103747,A_no_tool,band_gap,mp-510557,2,Provide the band gap for mp-510557 (unit: eV). Only the number.,4.2395,1.75,1.75,False,False,wrong_value,0.6432609558105469,1766541694.501612,wrong_value_other,
20251224_103747,A_no_tool,formation_energy_per_atom,mp-32633,0,What is the formation energy per atom (eV/atom) of material mp-32633? Answer with a single number.,-1.930073411158088,-0.73,-0.73,False,False,wrong_value,0.4733610153198242,1766541787.691083,wrong_value_other,
20251224_103747,A_no_tool,formation_energy_per_atom,mp-30520,1,Give the formation energy per atom of mp-30520 in eV/atom. No extra text.,-0.498485183452379,3.75,3.75,False,False,wrong_value,0.5048110485076904,1766541848.252936,wrong_value_other,
20251224_103747,A_no_tool,formation_energy_per_atom,mp-1025442,1,Give the formation energy per atom of mp-1025442 in eV/atom. No extra text.,-0.44096969,3.75,3.75,False,False,wrong_value,0.6124763488769531,1766541903.851774,wrong_value_other,
20251224_103747,A_no_tool,formation_energy_per_atom,mp-27684,2,Provide formation_energy_per_atom for mp-27684 (unit: eV/atom). Only the number.,-0.932556454761906,5.566555,5.566555,False,False,wrong_value,0.7395350933074951,1766541826.505399,wrong_value_other,
20251224_103747,A_no_tool,formation_energy_per_atom,mp-554855,1,Give the formation energy per atom of mp-554855 in eV/atom. No extra text.,-2.60675029,3.75,3.75,False,False,wrong_value,0.4890522956848144,1766541835.526419,wrong_value_other,
20251224_103747,A_no_tool,formation_energy_per_atom,mp-468,1,Give the formation energy per atom of mp-468 in eV/atom. No extra text.,-3.86576940625,0.035,0.035,False,False,wrong_value,0.949326992034912,1766541868.3190012,wrong_value_other,
20251224_103747,A_no_tool,formation_energy_per_atom,mp-27871,2,Provide formation_energy_per_atom for mp-27871 (unit: eV/atom). Only the number.,-0.8457965725000001,5.565,5.565,False,False,wrong_value,0.7166252136230469,1766541814.250182,wrong_value_other,
20251224_103747,A_no_tool,band_gap,mp-27161,2,Provide the band gap for mp-27161 (unit: eV). Only the number.,2.9118,1.73,1.73,False,False,wrong_value,0.817774772644043,1766541675.491797,wrong_value_other,
20251224_103747,A_no_tool,formation_energy_per_atom,mp-31049,1,Give the formation energy per atom of mp-31049 in eV/atom. No extra text.,-3.159657924166664,3.75,3.75,False,False,wrong_value,0.8232111930847168,1766541852.7575328,wrong_value_other,
20251224_103747,A_no_tool,formation_energy_per_atom,mp-571442,1,Give the formation energy per atom of mp-571442 in eV/atom. No extra text.,-1.710965791249998,3.75,3.75,False,False,wrong_value,0.7154479026794434,1766541862.994194,wrong_value_other,
20251224_103747,A_no_tool,formation_energy_per_atom,mp-541013,1,Give the formation energy per atom of mp-541013 in eV/atom. No extra text.,-1.031189425666664,3.75,3.75,False,False,wrong_value,0.8168797492980957,1766541807.59283,wrong_value_other,
20251224_103747,A_no_tool,formation_energy_per_atom,mp-18299,1,Give the formation energy per atom of mp-18299 in eV/atom. No extra text.,-3.992617684583336,3.75,3.75,False,False,wrong_value,0.5885670185089111,1766541789.670658,wrong_value_other,
20251224_103747,A_no_tool,formation_energy_per_atom,mp-254,2,Provide formation_energy_per_atom for mp-254 (unit: eV/atom). Only the number.,-4.452365858958333,4.585,4.585,False,False,wrong_value,0.8597078323364258,1766541789.081452,wrong_value_other,
20251224_103747,A_no_tool,formation_energy_per_atom,mp-28044,1,Give the formation energy per atom of mp-28044 in eV/atom. No extra text.,-2.512653630624999,3.75,3.75,False,False,wrong_value,0.8168861865997314,1766541876.205282,wrong_value_other,
20251224_103747,A_no_tool,band_gap,mp-27684,1,Give the band gap of mp-27684 in eV. No extra text.,1.099199999999999,1.0,1.0,False,False,wrong_value,0.5900619029998779,1766541684.171579,wrong_value_other,
20251224_103747,A_no_tool,formation_energy_per_atom,mp-672204,1,Give the formation energy per atom of mp-672204 in eV/atom. No extra text.,-0.400380674374999,3.75,3.75,False,False,wrong_value,0.7089147567749023,1766541798.444714,wrong_value_other,
20251224_103747,A_no_tool,formation_energy_per_atom,mp-510557,2,Provide formation_energy_per_atom for mp-510557 (unit: eV/atom). Only the number.,-0.216854790312499,5.51655,5.51655,False,False,wrong_value,0.9456360340118408,1766541836.47304,wrong_value_other,
20251224_103747,A_no_tool,formation_energy_per_atom,mp-23933,1,Give the formation energy per atom of mp-23933 in eV/atom. No extra text.,-0.073632082812499,3.75,3.75,False,False,wrong_value,0.8172929286956787,1766541861.560672,wrong_value_other,
20251224_103747,A_no_tool,formation_energy_per_atom,mp-685014,2,Provide formation_energy_per_atom for mp-685014 (unit: eV/atom). Only the number.,-1.068962764541666,5.716666666666667,5.716666666666667,False,False,wrong_value,0.8853378295898438,1766541901.292832,wrong_value_other,
20251224_103747,A_no_tool,formation_energy_per_atom,mp-16911,2,Provide formation_energy_per_atom for mp-16911 (unit: eV/atom). Only the number.,-0.955290041071428,5.535,5.535,False,False,wrong_value,0.4852869510650635,1766541905.875085,wrong_value_other,
20251224_103747,A_no_tool,band_gap,mp-541404,2,Provide the band gap for mp-541404 (unit: eV). Only the number.,0.7584000000000001,2.1,2.1,False,False,wrong_value,0.6401228904724121,1766541684.812672,wrong_value_other,
20251224_103747,A_no_tool,band_gap,mp-13568,2,Provide the band gap for mp-13568 (unit: eV). Only the number.,0.3379,2.1,2.1,False,False,wrong_value,0.5550069808959961,1766541719.056235,wrong_value_other,
20251224_103747,A_no_tool,formation_energy_per_atom,mp-1524462,1,Give the formation energy per atom of mp-1524462 in eV/atom. No extra text.,0.0,3.85,3.85,False,False,wrong_value,0.7958238124847412,1766541909.485556,wrong_value_other,
20251224_103747,A_no_tool,band_gap,mp-29179,2,Provide the band gap for mp-29179 (unit: eV). Only the number.,3.1002,1.9,1.9,False,False,wrong_value,0.817889928817749,1766541658.286174,wrong_value_other,
20251224_103747,A_no_tool,band_gap,mp-27857,2,Provide the band gap for mp-27857 (unit: eV). Only the number.,0.9792,1.75,1.75,False,False,wrong_value,0.8175182342529297,1766541737.7533598,wrong_value_other,
20251224_103747,A_no_tool,formation_energy_per_atom,mp-22398,2,Provide formation_energy_per_atom for mp-22398 (unit: eV/atom). Only the number.,-2.648772015416667,5.515555555555555,5.515555555555555,False,False,wrong_value,0.7932288646697998,1766541793.029609,wrong_value_other,
20251224_103747,A_no_tool,formation_energy_per_atom,mp-2084,2,Provide formation_energy_per_atom for mp-2084 (unit: eV/atom). Only the number.,-0.6734596323437501,5.535,5.535,False,False,wrong_value,0.7154190540313721,1766541838.620647,wrong_value_other,
20251224_103747,A_no_tool,formation_energy_per_atom,mp-2133,2,Provide formation_energy_per_atom for mp-2133 (unit: eV/atom). Only the number.,-1.7908991124999991,5.585,5.585,False,False,wrong_value,0.9177992343902588,1766541896.787282,wrong_value_other,
20251224_103747,A_no_tool,band_gap,mp-28879,2,Provide the band gap for mp-28879 (unit: eV). Only the number.,1.1418,1.75,1.75,False,False,wrong_value,0.7304830551147461,1766541683.5807302,wrong_value_other,
20251224_103747,A_no_tool,formation_energy_per_atom,mp-754815,2,Provide formation_energy_per_atom for mp-754815 (unit: eV/atom). Only the number.,-2.30537281125,5.716666666666667,5.716666666666667,False,False,wrong_value,0.7169380187988281,1766541873.44052,wrong_value_other,
20251224_103747,A_no_tool,formation_energy_per_atom,mp-561197,1,Give the formation energy per atom of mp-561197 in eV/atom. No extra text.,-3.404466658305554,3.75,3.75,False,False,wrong_value,0.7193248271942139,1766541907.3364742,wrong_value_other,
20251224_103747,A_no_tool,formation_energy_per_atom,mp-23710,2,Provide formation_energy_per_atom for mp-23710 (unit: eV/atom). Only the number.,-0.2827190725,5.51665,5.51665,False,False,wrong_value,0.7176949977874756,1766541899.0417972,wrong_value_other,
20251224_103747,A_no_tool,formation_energy_per_atom,mp-680339,2,Provide formation_energy_per_atom for mp-680339 (unit: eV/atom). Only the number.,-0.28327900617555,5.51355,5.51355,False,False,wrong_value,0.8173267841339111,1766541815.068235,wrong_value_other,
20251224_103747,A_no_tool,formation_energy_per_atom,mp-200,2,Provide formation_energy_per_atom for mp-200 (unit: eV/atom). Only the number.,-0.514802012604166,4.56555,4.56555,False,False,wrong_value,0.8172070980072021,1766541809.027174,wrong_value_other,
20251224_103747,A_no_tool,formation_energy_per_atom,mp-541837,2,Provide formation_energy_per_atom for mp-541837 (unit: eV/atom). Only the number.,-0.434076935437502,5.71555,5.71555,False,False,wrong_value,0.683927059173584,1766541911.093279,wrong_value_other,
20251224_103747,A_no_tool,formation_energy_per_atom,mp-10497,2,Provide formation_energy_per_atom for mp-10497 (unit: eV/atom). Only the number.,-0.127321634999998,5.516666666666667,5.516666666666667,False,False,wrong_value,0.7164359092712402,1766541800.835119,wrong_value_other,
20251224_103747,A_no_tool,formation_energy_per_atom,mp-19,2,Provide formation_energy_per_atom for mp-19 (unit: eV/atom). Only the number.,0.0,5.3356,5.3356,False,False,wrong_value,0.9178459644317628,1766541878.763384,wrong_value_other,
20251224_103747,A_no_tool,formation_energy_per_atom,mp-28879,2,Provide formation_energy_per_atom for mp-28879 (unit: eV/atom). Only the number.,-1.057331754908424,5.53355,5.53355,False,False,wrong_value,0.7603390216827393,1766541825.7640388,wrong_value_other,
20251224_103747,A_no_tool,formation_energy_per_atom,mp-680463,2,Provide formation_energy_per_atom for mp-680463 (unit: eV/atom). Only the number.,-0.157726345384613,5.5835,5.5835,False,False,wrong_value,0.8438730239868164,1766541920.7507992,wrong_value_other,
20251224_103747,A_no_tool,formation_energy_per_atom,mp-149,1,Give the formation energy per atom of mp-149 in eV/atom. No extra text.,0.0,3.75,3.75,False,False,wrong_value,0.9019942283630372,1766541849.8861482,wrong_value_other,
20251224_103747,A_no_tool,formation_energy_per_atom,mp-1819,2,Provide formation_energy_per_atom for mp-1819 (unit: eV/atom). Only the number.,-1.839006646249989,5.585,5.585,False,False,wrong_value,0.7464697360992432,1766541911.840775,wrong_value_other,
20251224_103747,A_no_tool,formation_energy_per_atom,mp-1206891,1,Give the formation energy per atom of mp-1206891 in eV/atom. No extra text.,-0.5667571437499991,0.031,0.031,False,False,wrong_value,0.4636342525482178,1766541869.499656,wrong_value_other,
20251224_103747,A_no_tool,formation_energy_per_atom,mp-34202,2,Provide formation_energy_per_atom for mp-34202 (unit: eV/atom). Only the number.,-0.274401004000003,5.516666666666667,5.516666666666667,False,False,wrong_value,0.8113386631011963,1766541796.536336,wrong_value_other,
20251224_103747,A_no_tool,formation_energy_per_atom,mp-7904,2,Provide formation_energy_per_atom for mp-7904 (unit: eV/atom). Only the number.,-0.120742532380951,5.585,5.585,False,False,wrong_value,0.7168278694152832,1766541822.211617,wrong_value_other,
20251224_103747,A_no_tool,formation_energy_per_atom,mp-559931,1,Give the formation energy per atom of mp-559931 in eV/atom. No extra text.,-3.238528048750001,3.75,3.75,False,False,wrong_value,0.7149519920349121,1766541869.0349178,wrong_value_other,
20251224_103747,A_no_tool,formation_energy_per_atom,mp-1203760,2,Provide formation_energy_per_atom for mp-1203760 (unit: eV/atom). Only the number.,-0.553621656590911,6.0655,6.0655,False,False,wrong_value,0.8193600177764893,1766541802.986571,wrong_value_other,
20251224_103747,A_no_tool,formation_energy_per_atom,mp-634859,1,Give the formation energy per atom of mp-634859 in eV/atom. No extra text.,-2.206560153333333,2.58,2.58,False,False,wrong_value,0.6884431838989258,1766541867.368981,wrong_value_other,
20251224_103747,A_no_tool,formation_energy_per_atom,mp-30792,0,What is the formation energy per atom (eV/atom) of material mp-30792? Answer with a single number.,-0.269950954999998,-3.75,-3.75,False,False,wrong_value,0.815507173538208,1766541914.707349,wrong_value_other,
20251224_103747,A_no_tool,formation_energy_per_atom,mp-1705,2,Provide formation_energy_per_atom for mp-1705 (unit: eV/atom). Only the number.,-1.74803409,5.5155,5.5155,False,False,wrong_value,0.7399227619171143,1766541906.615744,wrong_value_other,
20251224_103747,A_no_tool,formation_energy_per_atom,mp-557993,1,Give the formation energy per atom of mp-557993 in eV/atom. No extra text.,-1.459764126666667,3.75,3.75,False,False,wrong_value,0.5852670669555664,1766541821.49363,wrong_value_other,
20251224_103747,A_no_tool,formation_energy_per_atom,mp-23265,2,Provide formation_energy_per_atom for mp-23265 (unit: eV/atom). Only the number.,-2.506313930624998,5.516666666666667,5.516666666666667,False,False,wrong_value,0.9168789386749268,1766541842.41098,wrong_value_other,
20251224_103747,A_no_tool,formation_energy_per_atom,mp-1170,2,Provide formation_energy_per_atom for mp-1170 (unit: eV/atom). Only the number.,-0.473969728541665,5.566666666666666,5.566666666666666,False,False,wrong_value,0.7164642810821533,1766541787.216599,wrong_value_other,
20251224_103747,A_no_tool,formation_energy_per_atom,mp-23165,2,Provide formation_energy_per_atom for mp-23165 (unit: eV/atom). Only the number.,-0.6577550981249981,5.51665,5.51665,False,False,wrong_value,0.9179251194000244,1766541916.755306,wrong_value_other,
20251224_103747,A_no_tool,formation_energy_per_atom,mp-570738,1,Give the formation energy per atom of mp-570738 in eV/atom. No extra text.,-0.727731253611111,0.041,0.041,False,False,wrong_value,0.5548710823059082,1766541822.767209,wrong_value_other,
20251224_103747,A_no_tool,formation_energy_per_atom,mp-541404,2,Provide formation_energy_per_atom for mp-541404 (unit: eV/atom). Only the number.,-2.522468176666668,5.516555,5.516555,False,False,wrong_value,0.5465919971466064,1766541827.052606,wrong_value_other,
20251224_103747,A_no_tool,formation_energy_per_atom,mp-556911,1,Give the formation energy per atom of mp-556911 in eV/atom. No extra text.,-2.590574678333332,2.58,2.58,False,False,wrong_value,0.8188579082489014,1766541904.671387,wrong_value_other,
20251224_103747,A_no_tool,formation_energy_per_atom,mp-555908,2,Provide formation_energy_per_atom for mp-555908 (unit: eV/atom). Only the number.,-2.341685073333334,5.516555,5.516555,False,False,wrong_value,0.6994631290435791,1766541792.235232,wrong_value_other,
